serial number,account_info,duration_month,credit_history,purpose,credit_amount,savings_account,employment_st,poi,personal_status,gurantors,resident_since,property_type,age,installment_type,housing_type,credits_no,job_type,liables,telephone,foreigner
1,<0,6,A34,radio/TV,1169,unknown,A75,4,A93,A101,4,A121,67,A143,A152,2,A173,1,yes,foreigner
2,0-199,48,A32,radio/TV,5951,<100,A73,2,A92,A101,2,A121,22,A143,A152,1,A173,1,no,foreigner
3,unknown,12,A34,education,2096,<100,A74,2,A93,A101,3,A121,49,A143,A152,1,A172,2,no,foreigner
4,<0,42,A32,furniture/equipment,7882,<100,A74,2,A93,A103,4,A122,45,A143,A153,1,A173,2,no,foreigner
5,<0,24,A33,new_car,4870,<100,A73,3,A93,A101,4,A124,53,A143,A153,2,A173,2,no,foreigner
6,unknown,36,A32,education,9055,unknown,A73,2,A93,A101,,A124,,A143,A153,1,A172,2,yes,foreigner
7,unknown,24,A32,furniture/equipment,2835,500-999,A75,3,A93,A101,4,A122,53,A143,A152,1,A173,1,no,foreigner
8,0-199,36,A32,old_car,6948,<100,A73,2,A93,A101,2,A123,,A143,A151,1,A174,1,yes,foreigner
9,unknown,12,A32,radio/TV,3059,>=1000,A74,2,A91,A101,4,A121,61,A143,A152,1,A172,1,no,foreigner
10,0-199,30,A34,new_car,5234,<100,A71,4,A94,A101,2,A123,28,A143,A152,2,A174,1,no,foreigner
11,0-199,12,A32,new_car,1295,<100,A72,3,A92,A101,1,A123,25,A143,A151,1,A173,1,no,foreigner
12,<0,48,A32,business,4308,<100,A72,3,A92,?,4,A122,24,A143,A151,1,A173,1,no,?
13,0-199,12,A32,radio/TV,1567,<100,A73,1,A92,A101,1,A123,22,A143,A152,1,A173,1,yes,foreigner
14,<0,24,A34,new_car,1199,<100,A75,4,A93,A101,4,A123,60,A143,A152,2,A172,1,no,foreigner
15,<0,15,A32,new_car,1403,<100,A73,2,A92,A101,4,A123,28,A143,A151,1,A173,1,no,foreigner
16,<0,24,A32,radio/TV,1282,100-499,A73,4,A92,A101,2,A123,32,A143,A152,1,A172,1,no,foreigner
17,unknown,24,A34,radio/TV,2424,unknown,A75,4,A93,A101,4,A122,53,A143,A152,2,A173,1,?,foreigner
18,<0,30,A30,business,8072,unknown,A72,2,A93,A101,3,A123,25,A141,A152,3,A173,1,no,foreigner
19,0-199,24,A32,old_car,12579,<100,A75,4,A92,A101,2,A124,44,A143,A153,1,A174,1,yes,foreigner
20,unknown,24,A32,radio/TV,3430,500-999,A75,3,A93,A101,2,A123,31,A143,A152,1,A173,2,yes,foreigner
21,unknown,9,A34,new_car,2134,<100,A73,4,A93,A101,4,A123,48,A143,A152,3,A173,1,yes,foreigner
22,<0,6,A32,radio/TV,2647,500-999,A73,2,A93,A101,3,A121,44,A143,A151,1,A173,2,no,foreigner
23,<0,10,A34,new_car,2241,<100,A72,1,A93,A101,3,A121,48,A143,A151,2,A172,2,no,resident
24,0-199,12,A34,old_car,1804,100-499,A72,3,A93,A101,4,A122,44,A143,A152,1,A173,1,no,foreigner
25,?,10,A34,furniture/equipment,2069,unknown,A73,2,A94,A101,1,A123,26,A143,A152,2,A173,1,no,resident
26,<0,6,A32,furniture/equipment,1374,<100,A73,1,A93,A101,2,A121,36,A141,A152,1,A172,1,yes,foreigner
27,unknown,6,A30,radio/TV,426,<100,A75,4,A94,?,4,A123,39,A143,A152,1,A172,1,no,foreigner
28,>=200,12,A31,radio/TV,409,>=1000,A73,3,A92,A101,3,A121,42,A143,A151,2,A173,1,no,foreigner
29,0-199,7,A32,radio/TV,2415,<100,A73,3,A93,A103,2,A121,34,A143,A152,1,A173,1,no,foreigner
30,<0,60,A33,business,6836,<100,A75,3,A93,A101,4,A124,63,A143,A152,2,A173,1,yes,foreigner
31,0-199,18,A32,business,1913,>=1000,A72,3,A94,A101,3,A121,36,A141,A152,1,A173,1,yes,foreigner
32,<0,24,A32,furniture/equipment,4020,<100,A73,2,A93,A101,2,A123,27,A142,A152,1,A173,1,no,foreigner
33,0-199,18,A32,new_car,5866,100-499,A73,2,A93,A101,2,A123,30,A143,A152,2,A173,1,yes,foreigner
34,unknown,12,A34,business,1264,unknown,A75,4,A93,A101,4,A124,57,A143,A151,1,A172,1,no,foreigner
35,>=200,12,A32,furniture/equipment,1474,<100,A72,4,A92,A101,1,A122,33,A141,A152,1,A174,1,yes,foreigner
36,0-199,45,A34,radio/TV,4746,<100,A72,4,A93,A101,2,A122,25,A143,A152,2,A172,1,no,foreigner
37,unknown,48,A34,education,6110,<100,A73,1,A93,A101,3,A124,31,A141,A153,1,A173,1,yes,foreigner
38,>=200,18,A32,radio/TV,2100,<100,A73,4,A93,A102,2,A121,37,A142,A152,1,A173,1,no,foreigner
39,>=200,10,A32,domestic_appliances,1225,<100,A73,2,A93,A101,2,A123,37,A143,A152,1,A173,1,yes,foreigner
40,0-199,9,A32,radio/TV,458,<100,A73,4,A93,A101,3,A121,24,A143,A152,1,A173,1,?,foreigner
41,unknown,30,A32,radio/TV,2333,500-999,A75,4,A93,A101,2,A123,30,A141,A152,1,A174,1,no,foreigner
42,0-199,12,A32,radio/TV,1158,500-999,A73,3,A91,A101,1,A123,26,A143,A152,1,A173,1,yes,foreigner
43,0-199,18,A33,repairing,6204,<100,A73,2,A93,A101,4,A121,44,A143,A152,1,A172,2,yes,foreigner
44,<0,30,A34,old_car,6187,100-499,A74,1,A94,A101,4,A123,24,A143,A151,2,A173,1,no,foreigner
45,<0,48,A34,old_car,6143,<100,A75,4,A92,A101,4,A124,58,A142,A153,2,A172,1,no,foreigner
46,unknown,11,A34,new_car,1393,<100,A72,4,A92,A101,4,A123,,A143,A152,2,A174,1,no,foreigner
47,unknown,36,A32,radio/TV,2299,500-999,A75,4,A93,A101,4,A123,39,A143,A152,1,A173,1,no,foreigner
48,<0,6,A32,old_car,1352,500-999,A71,1,A92,A101,2,A122,23,A143,A151,1,A171,1,yes,?
49,unknown,11,A34,new_car,7228,<100,A73,1,A93,A101,4,A122,39,A143,A152,2,A172,1,no,foreigner
50,unknown,12,A32,radio/TV,2073,100-499,A73,4,A92,A102,2,A121,28,A143,A152,1,A173,1,no,foreigner
51,0-199,24,A33,furniture/equipment,2333,unknown,A72,4,A93,A101,2,A122,29,A141,A152,1,A172,1,no,foreigner
52,0-199,27,A33,old_car,5965,<100,A75,1,A93,A101,2,A123,30,A143,A152,2,A174,1,yes,foreigner
53,unknown,12,A32,radio/TV,1262,<100,A73,3,A93,?,2,A123,25,A143,A152,1,A173,1,no,foreigner
54,unknown,18,A32,old_car,3378,unknown,A73,2,A93,A101,1,A122,31,A143,A152,1,A173,1,yes,foreigner
55,0-199,36,A33,new_car,2225,<100,A75,4,A93,A101,4,A124,57,A141,A153,2,A173,1,yes,foreigner
56,unknown,6,A31,new_car,783,unknown,A73,1,A93,A103,2,A121,26,A142,A152,1,A172,2,no,foreigner
57,0-199,12,A32,radio/TV,6468,unknown,A71,2,A93,A101,1,A124,52,A143,A152,1,A174,1,yes,foreigner
58,unknown,36,A34,radio/TV,9566,<100,A73,2,A92,A101,2,A123,31,A142,A152,2,A173,1,no,foreigner
59,>=200,18,A32,new_car,1961,<100,A75,3,A92,A101,2,A123,23,A143,A152,1,A174,1,?,foreigner
60,<0,36,A34,furniture/equipment,6229,<100,A72,4,A92,A102,4,A124,23,A143,A151,2,A172,1,yes,foreigner
61,0-199,9,A32,business,1391,<100,A73,2,A94,A101,1,A121,27,A141,A152,1,A173,1,yes,foreigner
62,0-199,15,A34,radio/TV,1537,unknown,A75,4,A93,A103,4,A121,50,A143,A152,2,A173,1,yes,foreigner
63,0-199,36,A30,business,1953,<100,A75,4,A93,A101,4,A124,61,A143,A153,1,A174,1,yes,foreigner
64,0-199,48,A30,business,14421,<100,A73,2,A93,A101,2,A123,25,A143,A152,1,A173,1,yes,foreigner
65,unknown,24,A32,radio/TV,3181,<100,A72,4,A92,A101,4,A122,26,A143,A152,1,A173,1,yes,foreigner
66,unknown,27,A32,repairing,5190,unknown,A75,4,A93,A101,,A122,48,A143,A152,4,A173,2,yes,foreigner
67,unknown,12,A32,radio/TV,2171,<100,A72,2,A92,A101,2,A123,29,A141,A152,1,A173,1,no,foreigner
68,0-199,12,A32,new_car,1007,>=1000,A73,4,A94,?,1,A121,22,A143,A152,1,A173,1,no,foreigner
69,?,36,A32,education,1819,<100,A73,4,A93,A101,4,A124,37,A142,A153,1,A173,1,yes,foreigner
70,unknown,36,A32,radio/TV,2394,unknown,A73,4,A92,A101,4,A123,25,A143,A152,1,A173,1,no,foreigner
71,unknown,36,A32,old_car,8133,<100,A73,1,A92,A101,2,A122,30,A141,A152,1,A173,1,no,foreigner
72,unknown,7,A34,radio/TV,730,unknown,A75,4,A93,A101,2,A122,46,A143,A151,2,A172,1,yes,?
73,<0,8,A34,other,1164,<100,A75,3,A93,A101,4,A124,51,A141,A153,2,A174,2,yes,foreigner
74,0-199,42,A34,business,5954,<100,A74,2,A92,A101,1,A121,41,A141,A152,2,A172,1,no,foreigner
75,<0,36,A32,education,1977,unknown,A75,4,A93,A101,4,A124,40,A143,A152,1,A174,1,yes,foreigner
76,<0,12,A34,old_car,1526,<100,A75,4,A93,A101,4,A124,66,A143,A153,2,A174,1,no,?
77,<0,42,A32,radio/TV,3965,<100,A72,4,A93,A101,3,A123,34,A143,A152,1,A173,1,no,foreigner
78,0-199,11,A33,radio/TV,4771,<100,A74,2,A93,A101,4,A122,51,A143,A152,1,A173,1,no,foreigner
79,unknown,54,A30,old_car,9436,unknown,A73,2,A93,A101,2,A122,39,A143,A152,1,A172,2,no,foreigner
80,0-199,30,A32,furniture/equipment,3832,<100,A72,2,A94,A101,1,A122,22,A143,A152,1,A173,1,no,foreigner
81,unknown,24,A32,radio/TV,5943,unknown,A72,1,A92,A101,1,A123,44,A143,A152,2,A173,1,yes,foreigner
82,?,15,A32,radio/TV,1213,500-999,A75,4,A93,?,3,A122,47,A142,A152,1,A173,1,yes,foreigner
83,unknown,18,A32,business,1568,100-499,A73,3,A92,A101,4,A122,24,A143,A151,1,A172,1,no,foreigner
84,<0,24,A32,other,1755,<100,A75,4,A92,A103,4,A121,58,A143,A152,1,A172,1,yes,foreigner
85,<0,10,A32,radio/TV,2315,<100,A75,3,A93,A101,4,A121,52,A143,A152,1,A172,1,no,foreigner
86,unknown,12,A34,business,1412,<100,A73,4,A92,A103,2,A121,29,A143,A152,2,A174,1,yes,foreigner
87,0-199,18,A34,furniture/equipment,1295,<100,A72,4,A92,A101,1,A122,27,A143,A152,2,A173,1,no,foreigner
88,0-199,36,A32,education,12612,100-499,A73,1,A93,A101,4,A124,47,A143,A153,1,A173,2,yes,foreigner
89,<0,18,A32,new_car,2249,100-499,A74,4,A93,A101,3,A123,30,A143,A152,1,A174,2,yes,foreigner
90,<0,12,A30,repairing,1108,<100,A74,4,A93,A101,3,A121,28,A143,A152,2,A173,1,no,foreigner
91,unknown,12,A34,radio/TV,618,<100,A75,4,A93,A101,4,A121,56,A143,A152,1,A173,1,no,foreigner
92,<0,12,A34,old_car,1409,<100,A75,4,A93,A101,3,A121,54,A143,A152,1,A173,1,no,foreigner
93,unknown,12,A34,radio/TV,797,unknown,A75,4,A92,A101,3,A122,33,A141,A152,1,A172,2,no,foreigner
94,>=200,24,A34,furniture/equipment,3617,unknown,A75,4,A93,A102,4,A124,20,A143,A151,2,A173,1,no,foreigner
95,0-199,12,A32,new_car,1318,>=1000,A75,4,A93,A101,4,A121,54,A143,A152,1,A173,1,yes,foreigner
96,0-199,54,A30,business,15945,<100,A72,3,A93,A101,4,A124,58,A143,A151,1,A173,1,yes,foreigner
97,unknown,12,A34,education,2012,unknown,A74,4,A92,A101,2,A123,61,A143,A152,1,A173,1,?,foreigner
98,0-199,18,A32,business,2622,100-499,A73,4,A93,A101,4,A123,34,A143,A152,1,A173,1,no,foreigner
99,0-199,36,A34,radio/TV,2337,<100,A75,4,A93,A101,4,A121,36,A143,A152,1,A173,1,no,foreigner
100,0-199,,A33,old_car,7057,unknown,A74,3,A93,A101,4,A122,36,A141,A151,2,A174,2,yes,foreigner
101,unknown,24,A32,new_car,1469,100-499,A75,4,A94,A101,4,A121,41,A143,A151,1,A172,1,no,foreigner
102,0-199,36,A32,radio/TV,2323,<100,A74,4,A93,A101,,A123,24,A143,A151,1,A173,1,no,foreigner
103,unknown,6,A33,radio/TV,932,<100,A73,3,A92,A101,2,A121,24,A143,A152,1,A173,1,no,?
104,0-199,9,A34,furniture/equipment,1919,<100,A74,4,A93,A101,3,A123,,A143,A151,1,A173,1,yes,foreigner
105,unknown,12,A32,old_car,2445,unknown,A72,2,A94,A101,4,A123,26,A143,A151,1,A173,1,yes,foreigner
106,0-199,24,A34,other,11938,<100,A73,2,A93,A102,3,A123,39,A143,A152,2,A174,2,yes,foreigner
107,?,18,A31,new_car,6458,<100,A75,2,A93,A101,4,A124,39,A141,A152,2,A174,2,yes,foreigner
108,0-199,12,A32,new_car,6078,<100,A74,2,A93,A101,2,A123,32,A143,A152,1,A173,1,no,foreigner
109,<0,24,A32,furniture/equipment,7721,unknown,A72,1,A92,A101,2,A122,30,A143,A152,1,A173,1,yes,resident
110,0-199,14,A32,business,1410,500-999,A75,1,A94,A101,2,A121,,A143,A152,1,A173,1,yes,foreigner
111,0-199,6,A33,business,1449,100-499,A75,1,A91,A101,2,A123,31,A141,A152,2,A173,2,no,foreigner
112,>=200,15,A32,education,392,<100,A72,4,A92,A101,4,A122,23,A143,A151,1,A173,1,yes,foreigner
113,0-199,18,A32,new_car,6260,<100,A74,3,A93,A101,3,A121,28,A143,A151,1,A172,1,no,foreigner
114,unknown,36,A34,new_car,7855,<100,A73,4,A92,A101,2,A121,25,A142,A152,2,A173,1,yes,foreigner
115,<0,12,A32,radio/TV,1680,500-999,A75,3,A94,A101,1,A121,,A143,A152,1,A173,1,no,foreigner
116,unknown,48,A34,radio/TV,3578,unknown,A75,4,A93,A101,1,A121,47,A143,A152,1,A173,1,yes,foreigner
117,<0,42,A32,radio/TV,7174,unknown,A74,4,A92,A101,3,A123,30,A143,A152,1,A174,1,yes,foreigner
118,<0,10,A34,furniture/equipment,2132,unknown,A72,2,A92,A102,3,A121,27,A143,A151,2,A173,1,no,resident
119,<0,33,A34,furniture/equipment,4281,500-999,A73,1,A92,A101,4,A123,23,A143,A152,2,A173,1,no,foreigner
120,0-199,12,A34,new_car,2366,500-999,A74,3,A91,A101,3,A123,36,A143,A152,1,A174,1,yes,foreigner
121,<0,,A32,radio/TV,1835,<100,A73,3,A92,A101,2,A121,25,A143,A152,2,A173,1,yes,foreigner
122,unknown,24,A34,old_car,3868,<100,A75,4,A92,A101,2,A123,41,A143,A151,2,A174,1,yes,foreigner
123,unknown,12,A32,furniture/equipment,1768,<100,A73,3,A93,A101,2,A121,24,A143,A151,1,A172,1,no,foreigner
124,>=200,10,A34,new_car,781,<100,A75,4,A93,A101,4,A124,63,A143,A153,2,A173,1,yes,foreigner
125,0-199,18,A32,furniture/equipment,1924,unknown,A72,4,A92,A101,3,A121,27,A143,A151,1,A173,1,no,foreigner
126,<0,12,A34,new_car,2121,<100,A73,4,A93,A101,2,A122,30,A143,A152,2,A173,1,no,foreigner
127,<0,12,A32,radio/TV,701,<100,A73,4,A94,A101,2,A121,40,A143,A152,1,A172,1,no,foreigner
128,0-199,12,A32,repairing,639,<100,A73,4,A93,?,2,A123,30,A143,A152,1,A173,1,no,foreigner
129,0-199,12,A34,old_car,1860,<100,A71,4,A93,A101,2,A123,34,A143,A152,2,A174,1,yes,foreigner
130,<0,12,A34,new_car,3499,<100,A73,3,A92,A102,2,A121,29,A143,A152,2,A173,1,no,foreigner
131,0-199,48,A32,new_car,8487,unknown,A74,1,A92,A101,2,A123,24,A143,A152,1,A173,1,no,foreigner
132,<0,36,A33,education,6887,<100,A73,4,A93,A101,3,A122,29,A142,A152,1,A173,1,yes,foreigner
133,unknown,15,A32,furniture/equipment,2708,<100,A72,2,A93,A101,3,A122,27,A141,A152,2,A172,1,?,foreigner
134,unknown,18,A32,furniture/equipment,1984,<100,A73,4,A93,A101,4,A124,47,A141,A153,2,A173,1,no,foreigner
135,unknown,60,A32,radio/TV,10144,100-499,A74,2,A92,A101,4,A121,21,A143,A152,1,A173,1,yes,foreigner
136,unknown,12,A34,radio/TV,1240,unknown,A75,4,A92,A101,2,A121,38,A143,A152,2,A173,1,yes,foreigner
137,unknown,27,A33,old_car,8613,>=1000,A73,2,A93,A101,2,A123,27,A143,A152,2,A173,1,no,?
138,0-199,12,A32,radio/TV,766,500-999,A73,4,A93,A101,3,A121,66,A143,A152,1,A172,1,no,foreigner
139,0-199,15,A34,radio/TV,2728,unknown,A74,4,A93,A103,2,A121,,A141,A152,3,A173,1,yes,foreigner
140,>=200,12,A32,radio/TV,1881,<100,A73,2,A92,A101,2,A123,44,A143,A151,1,A172,1,yes,foreigner
141,>=200,6,A32,new_car,709,>=1000,A72,2,A94,A101,2,A121,27,A143,A152,1,A171,1,no,resident
142,0-199,36,A32,radio/TV,4795,<100,A72,4,A92,A101,1,A124,30,A143,A152,1,A174,1,yes,foreigner
143,<0,27,A32,radio/TV,3416,<100,A73,3,A93,A101,2,A123,27,A143,A152,1,A174,1,no,foreigner
144,<0,18,A32,furniture/equipment,2462,<100,A73,2,A93,A101,2,A123,22,A143,A152,1,A173,1,no,foreigner
145,unknown,,A34,furniture/equipment,2288,<100,A72,4,A92,A101,4,A122,23,A143,A152,1,A173,1,yes,foreigner
146,0-199,48,A31,business,3566,100-499,A74,4,A93,A101,2,A123,30,A143,A152,1,A173,1,no,foreigner
147,<0,6,A34,new_car,860,<100,A75,1,A92,A101,4,A124,39,A143,A152,2,A173,1,yes,foreigner
148,unknown,12,A34,new_car,682,100-499,A74,4,A92,A101,3,A123,51,A143,A152,2,A173,1,yes,foreigner
149,<0,36,A34,furniture/equipment,5371,<100,A73,3,A93,A103,2,A122,28,A143,A152,2,A173,1,no,foreigner
150,unknown,18,A34,radio/TV,1582,>=1000,A75,4,A93,A101,4,A123,46,A143,A152,2,A173,1,no,foreigner
151,?,6,A32,radio/TV,1346,100-499,A75,2,A93,A101,4,A124,42,A141,A153,1,A173,2,yes,foreigner
152,unknown,10,A32,radio/TV,1924,<100,A73,1,A93,A101,4,A122,38,A143,A152,1,A173,1,yes,resident
153,>=200,36,A32,radio/TV,5848,<100,A73,4,A93,A101,1,A123,24,A143,A152,1,A173,1,no,foreigner
154,0-199,24,A34,old_car,7758,>=1000,A75,2,A92,A101,4,A124,29,A143,A151,1,A173,1,no,foreigner
155,0-199,24,A33,business,6967,100-499,A74,4,A93,?,4,A123,36,A143,A151,1,A174,1,yes,foreigner
156,<0,12,A32,furniture/equipment,1282,<100,A73,2,A92,A101,4,A123,20,A143,A151,1,A173,1,no,foreigner
157,<0,9,A34,repairing,1288,100-499,A75,3,A93,A103,4,A121,48,A143,A152,2,A173,2,no,resident
158,<0,12,A31,upskilling,339,<100,A75,4,A94,A101,1,A123,45,A141,A152,1,A172,1,no,foreigner
159,0-199,24,A32,new_car,3512,100-499,A74,2,A93,A101,3,A123,38,A141,A152,2,A173,1,yes,foreigner
160,unknown,6,A34,radio/TV,1898,unknown,A73,1,A93,A101,2,A121,34,A143,A152,2,A172,2,no,foreigner
161,unknown,24,A34,radio/TV,2872,100-499,A75,3,A93,A101,4,A121,36,A143,A152,1,A173,2,yes,foreigner
162,unknown,18,A34,new_car,1055,<100,A72,4,A92,A101,1,A122,30,A143,A152,2,A173,1,?,foreigner
163,unknown,15,A32,domestic_appliances,1262,500-999,A74,4,A93,A101,3,A122,36,A143,A152,2,A173,1,yes,foreigner
164,0-199,10,A32,new_car,7308,<100,A71,2,A93,A101,4,A124,70,A141,A153,1,A174,1,yes,foreigner
165,unknown,36,A32,new_car,909,500-999,A75,4,A93,A101,4,A122,36,A143,A152,1,A173,1,no,foreigner
166,unknown,6,A32,furniture/equipment,2978,500-999,A73,1,A93,A101,2,A123,32,A143,A152,1,A173,1,yes,foreigner
167,<0,18,A32,furniture/equipment,1131,<100,A71,4,A92,A101,2,A123,33,A143,A152,1,A173,1,no,foreigner
168,0-199,11,A32,furniture/equipment,1577,>=1000,A72,4,A92,A101,1,A121,20,A143,A152,1,A173,1,no,foreigner
169,unknown,24,A32,furniture/equipment,3972,<100,A74,2,A92,A101,4,A122,25,A143,A151,1,A173,1,yes,foreigner
170,0-199,24,A34,business,1935,<100,A75,4,A91,A101,4,A121,31,A143,A152,2,A173,1,yes,?
171,<0,15,A30,new_car,950,<100,A75,4,A93,A101,3,A123,33,A143,A151,2,A173,2,no,foreigner
172,unknown,12,A32,furniture/equipment,763,<100,A73,4,A92,A101,1,A121,26,A143,A152,1,A173,1,yes,foreigner
173,0-199,24,A33,furniture/equipment,2064,<100,A71,3,A92,A101,2,A122,34,A143,A152,1,A174,1,yes,foreigner
174,0-199,8,A32,radio/TV,1414,<100,A73,4,A93,A103,2,A121,33,A143,A152,1,A173,1,no,resident
175,<0,,A33,education,3414,<100,A72,2,A93,A101,1,A122,26,A143,A152,2,A173,1,no,foreigner
176,unknown,30,A31,old_car,7485,unknown,A71,4,A92,A101,1,A121,53,A141,A152,1,A174,1,yes,foreigner
177,<0,12,A32,furniture/equipment,2577,<100,A73,2,A91,A101,1,A123,42,A143,A152,1,A173,1,no,foreigner
178,<0,6,A34,radio/TV,338,500-999,A75,4,A93,A101,,A123,52,A143,A152,2,A173,1,no,foreigner
179,unknown,12,A32,radio/TV,1963,<100,A74,4,A93,A101,2,A123,31,A143,A151,2,A174,2,yes,foreigner
180,<0,,A34,new_car,571,<100,A75,4,A93,A101,4,A121,65,A143,A152,2,A173,1,no,foreigner
181,unknown,36,A33,business,9572,<100,A72,1,A91,A101,1,A123,28,A143,A152,2,A173,1,no,foreigner
182,0-199,36,A33,business,4455,<100,A73,2,A91,A101,2,A121,30,A142,A152,2,A174,1,yes,foreigner
183,<0,,A31,new_car,1647,unknown,A73,4,A93,A101,2,A122,40,A143,A152,2,A172,2,no,foreigner
184,unknown,24,A34,furniture/equipment,3777,>=1000,A73,4,A93,A101,4,A121,50,A143,A152,1,A173,1,yes,foreigner
185,0-199,18,A34,new_car,884,<100,A75,4,A93,A101,4,A123,36,A141,A152,1,A173,2,yes,foreigner
186,unknown,15,A34,radio/TV,1360,<100,A73,4,A93,A101,2,A122,31,A143,A152,2,A173,1,no,foreigner
187,0-199,9,A31,old_car,5129,<100,A75,2,A92,A101,4,A124,74,A141,A153,1,A174,2,yes,foreigner
188,0-199,16,A34,new_car,1175,<100,A71,2,A93,?,3,A123,68,A143,A153,3,A171,1,yes,foreigner
189,<0,12,A32,radio/TV,674,100-499,A74,4,A94,A101,1,A122,20,A143,A152,1,A173,1,no,foreigner
190,0-199,18,A30,furniture/equipment,3244,<100,A73,1,A92,A101,4,A123,33,A141,A152,2,A173,1,yes,foreigner
191,unknown,24,A32,business,4591,>=1000,A73,2,A93,A101,3,A122,54,A143,A152,3,A174,1,yes,foreigner
192,0-199,48,A30,business,3844,100-499,A74,4,A93,A101,4,A124,34,A143,A153,1,A172,2,no,foreigner
193,0-199,27,A32,business,3915,<100,A73,4,A93,A101,2,A123,36,A143,A152,1,A173,2,yes,foreigner
194,unknown,6,A32,radio/TV,2108,<100,A74,2,A94,A101,2,A121,29,A143,A151,1,A173,1,?,foreigner
195,0-199,45,A32,radio/TV,3031,100-499,A73,4,A93,A103,4,A122,21,A143,A151,1,A173,1,no,foreigner
196,0-199,9,A34,education,1501,<100,A75,2,A92,A101,3,A123,34,A143,A152,2,A174,1,yes,foreigner
197,unknown,6,A34,radio/TV,1382,<100,A73,1,A92,A101,1,A123,28,A143,A152,2,A173,1,yes,foreigner
198,0-199,12,A32,furniture/equipment,951,100-499,A72,4,A92,A101,4,A123,27,A141,A151,4,A173,1,no,foreigner
199,0-199,24,A32,old_car,2760,unknown,A75,4,A93,A101,4,A124,36,A141,A153,1,A173,1,yes,?
200,0-199,18,A33,furniture/equipment,4297,<100,A75,4,A91,A101,3,A124,40,A143,A152,1,A174,1,yes,foreigner
201,unknown,9,A34,education,936,500-999,A75,4,A93,A101,2,A123,52,A143,A152,2,A173,1,yes,foreigner
202,<0,12,A32,new_car,1168,<100,A73,4,A94,A101,3,A121,27,A143,A152,1,A172,1,no,foreigner
203,unknown,27,A33,business,5117,<100,A74,3,A93,A101,4,A123,26,A143,A152,2,A173,1,no,foreigner
204,<0,12,A32,upskilling,902,<100,A74,4,A94,A101,4,A122,21,A143,A151,1,A173,1,no,foreigner
205,unknown,12,A34,new_car,1495,<100,A75,4,A93,A101,1,A121,38,A143,A152,2,A172,2,no,foreigner
206,<0,30,A34,old_car,10623,<100,A75,3,A93,A101,4,A124,38,A143,A153,3,A174,2,yes,foreigner
207,unknown,12,A34,furniture/equipment,1935,<100,A75,4,A93,A101,4,A121,43,A143,A152,3,A173,1,yes,foreigner
208,0-199,12,A34,domestic_appliances,1424,<100,A74,4,A93,A101,3,A122,26,A143,A152,1,A173,1,no,foreigner
209,<0,24,A32,business,6568,<100,A73,2,A94,A101,2,A123,21,A142,A152,1,A172,1,no,foreigner
210,unknown,12,A32,old_car,1413,>=1000,A74,3,A93,A101,2,A122,55,A143,A152,1,A173,1,no,resident
211,unknown,9,A34,radio/TV,3074,unknown,A73,1,A93,A101,2,A121,33,A143,A152,2,A173,2,no,foreigner
212,unknown,36,A32,radio/TV,3835,unknown,A75,2,A92,A101,4,A121,45,A143,A152,1,A172,1,yes,foreigner
213,<0,27,A30,business,5293,<100,A71,2,A93,A101,4,A122,50,A142,A152,2,A173,1,yes,foreigner
214,>=200,30,A33,business,1908,<100,A75,4,A93,A101,4,A121,66,A143,A152,1,A174,1,yes,foreigner
215,unknown,36,A34,radio/TV,3342,unknown,A75,4,A93,A101,2,A123,51,A143,A152,1,A173,1,yes,foreigner
216,0-199,6,A34,upskilling,932,unknown,A74,1,A92,A101,3,A122,39,A143,A152,2,A172,1,no,foreigner
217,<0,18,A30,business,3104,<100,A74,3,A93,A101,1,A122,31,A141,A152,1,A173,1,yes,foreigner
218,>=200,36,A32,radio/TV,3913,<100,A73,2,A93,?,2,A121,23,A143,A152,1,A173,1,yes,foreigner
219,<0,24,A32,furniture/equipment,3021,<100,A73,2,A91,A101,2,A121,24,A143,A151,1,A172,1,no,foreigner
220,unknown,10,A32,new_car,1364,<100,A73,2,A92,A101,4,A123,64,A143,A152,1,A173,1,yes,foreigner
221,0-199,12,A32,radio/TV,625,<100,A72,4,A94,A103,1,A121,26,A141,A152,1,A172,1,no,foreigner
222,<0,12,A32,education,1200,unknown,A73,4,A92,A101,4,A122,23,A141,A151,1,A173,1,yes,foreigner
223,unknown,12,A32,radio/TV,707,<100,A73,4,A93,A101,2,A121,30,A141,A152,2,A173,1,no,foreigner
224,unknown,24,A33,business,2978,unknown,A73,4,A93,A101,4,A121,32,A143,A152,2,A173,2,yes,foreigner
225,unknown,15,A32,old_car,4657,<100,A73,3,A93,A101,2,A123,30,A143,A152,1,A173,1,yes,foreigner
226,unknown,36,A30,repairing,2613,<100,A73,4,A93,A101,2,A123,27,A143,A152,2,A173,1,?,foreigner
227,0-199,48,A32,radio/TV,10961,>=1000,A74,1,A93,A102,2,A124,27,A141,A152,2,A173,1,yes,foreigner
228,<0,12,A32,furniture/equipment,7865,<100,A75,4,A93,A101,4,A124,53,A143,A153,1,A174,1,yes,foreigner
229,?,9,A32,radio/TV,1478,<100,A74,4,A93,A101,2,A123,22,A143,A152,1,A173,1,no,foreigner
230,<0,24,A32,furniture/equipment,3149,<100,A72,4,A93,A101,1,A124,22,A141,A153,1,A173,1,no,foreigner
231,>=200,36,A32,radio/TV,4210,<100,A73,4,A93,A101,2,A123,26,A143,A152,1,A173,1,no,foreigner
232,unknown,9,A32,new_car,2507,500-999,A75,2,A93,A101,4,A124,51,A143,A153,1,A172,1,no,foreigner
233,unknown,12,A32,radio/TV,2141,100-499,A74,3,A93,A101,1,A124,,A143,A152,1,A173,1,no,foreigner
234,0-199,18,A32,radio/TV,866,<100,A73,4,A94,A103,2,A121,25,A143,A152,1,A172,1,no,foreigner
235,unknown,4,A34,radio/TV,1544,<100,A74,2,A93,A101,1,A121,42,A143,A152,3,A172,2,no,foreigner
236,<0,24,A32,radio/TV,1823,<100,A71,4,A93,A101,2,A123,30,A142,A152,1,A174,2,no,foreigner
237,0-199,6,A32,new_car,14555,unknown,A71,1,A93,A101,2,A122,23,A143,A152,1,A171,1,yes,foreigner
238,0-199,,A32,business,2767,100-499,A75,4,A91,A101,2,A123,61,A141,A151,2,A172,1,no,foreigner
239,unknown,12,A34,radio/TV,1291,<100,A73,4,A92,A101,2,A122,,A143,A152,2,A173,1,no,foreigner
240,<0,30,A32,radio/TV,2522,<100,A75,1,A93,A103,3,A122,39,A143,A152,1,A173,2,no,?
241,<0,24,A32,new_car,915,unknown,A75,4,A92,A101,2,A123,29,A141,A152,1,A173,1,no,foreigner
242,unknown,6,A32,radio/TV,1595,<100,A74,3,A93,A101,2,A122,51,A143,A152,1,A173,2,no,foreigner
243,<0,48,A30,old_car,4605,<100,A75,3,A93,A101,4,A124,24,A143,A153,2,A173,2,no,foreigner
244,unknown,12,A34,business,1185,<100,A73,3,A92,A101,2,A121,27,A143,A152,2,A173,1,?,foreigner
245,unknown,12,A31,upskilling,3447,500-999,A73,4,A92,A101,3,A121,,A143,A152,1,A172,2,no,foreigner
246,unknown,24,A32,business,1258,<100,A74,4,A93,A101,1,A121,25,A143,A152,1,A173,1,yes,foreigner
247,unknown,12,A34,radio/TV,717,<100,A75,4,A93,A101,4,A121,52,A143,A152,3,A173,1,no,foreigner
248,unknown,6,A30,new_car,1204,100-499,A73,4,A93,A101,1,A124,,A141,A151,1,A173,1,no,resident
249,>=200,24,A32,furniture/equipment,1925,<100,A73,2,A93,A101,2,A121,26,A143,A152,1,A173,1,no,foreigner
250,unknown,18,A32,radio/TV,433,<100,A71,3,A92,A102,4,A121,22,A143,A151,1,A173,1,no,foreigner
251,<0,6,A34,new_car,666,>=1000,A74,3,A92,A101,4,A121,39,A143,A152,2,A172,1,yes,foreigner
252,>=200,12,A32,furniture/equipment,2251,<100,A73,1,A92,A101,2,A123,46,A143,A152,1,A172,1,no,foreigner
253,0-199,30,A32,new_car,2150,<100,A73,4,A92,A103,2,A124,24,A141,A152,1,A173,1,no,foreigner
254,unknown,24,A33,furniture/equipment,4151,100-499,A73,2,A93,?,3,A122,,A143,A152,2,A173,1,no,foreigner
255,0-199,9,A32,furniture/equipment,2030,unknown,A74,2,A93,A101,1,A123,24,A143,A152,1,A173,1,yes,foreigner
256,0-199,60,A33,radio/TV,7418,unknown,A73,1,A93,A101,1,A121,27,A143,A152,1,A172,1,no,foreigner
257,unknown,24,A34,radio/TV,2684,<100,A73,4,A93,A101,2,A121,,A143,A152,2,A172,1,no,foreigner
258,<0,12,A31,radio/TV,2149,<100,A73,4,A91,A101,1,A124,29,A143,A153,1,A173,1,no,foreigner
259,unknown,15,A32,old_car,3812,100-499,A72,1,A92,A101,4,A123,23,A143,A152,1,A173,1,yes,foreigner
260,unknown,11,A34,radio/TV,1154,100-499,A71,4,A92,A101,4,A121,57,A143,A152,3,A172,1,no,foreigner
261,<0,12,A32,furniture/equipment,1657,<100,A73,2,A93,A101,2,A121,27,A143,A152,1,A173,1,no,foreigner
262,<0,24,A32,radio/TV,1603,<100,A75,4,A92,A101,4,A123,55,A143,A152,1,A173,1,no,foreigner
263,<0,18,A34,new_car,5302,<100,A75,2,A93,A101,4,A124,36,A143,A153,3,A174,1,yes,foreigner
264,unknown,12,A34,education,2748,<100,A75,2,A92,A101,4,A124,57,A141,A153,3,A172,1,no,foreigner
265,unknown,10,A34,new_car,1231,<100,A75,3,A93,A101,4,A121,32,A143,A152,2,A172,2,no,resident
266,0-199,15,A32,radio/TV,802,<100,A75,4,A93,A101,3,A123,37,A143,A152,1,A173,2,no,foreigner
267,unknown,36,A34,business,6304,unknown,A75,4,A93,A101,4,A121,36,A143,A152,2,A173,1,no,foreigner
268,unknown,24,A32,radio/TV,1533,<100,A72,4,A92,A101,3,A123,38,A142,A152,1,A173,1,yes,foreigner
269,<0,14,A32,new_car,8978,<100,A75,1,A91,A101,4,A122,45,A143,A152,1,A174,1,yes,resident
270,?,24,A32,radio/TV,999,unknown,A75,4,A93,A101,2,A123,25,A143,A152,2,A173,1,no,foreigner
271,unknown,18,A32,new_car,2662,unknown,A74,4,A93,A101,3,A122,32,A143,A152,1,A173,1,no,resident
272,unknown,12,A34,furniture/equipment,1402,500-999,A74,3,A92,A101,4,A123,37,A143,A151,1,A173,1,yes,foreigner
273,0-199,48,A31,new_car,12169,unknown,A71,4,A93,A102,4,A124,36,A143,A153,1,A174,1,yes,foreigner
274,0-199,48,A32,radio/TV,3060,<100,A74,4,A93,A101,4,A121,28,A143,A152,2,A173,1,no,foreigner
275,<0,30,A32,repairing,11998,<100,A72,1,A91,A101,1,A124,34,A143,A152,1,A172,1,yes,foreigner
276,unknown,9,A32,radio/TV,2697,<100,A73,1,A93,A101,2,A121,32,A143,A152,1,A173,2,no,foreigner
277,unknown,18,A34,radio/TV,2404,<100,A73,2,A92,A101,2,A123,26,A143,A152,2,A173,1,no,foreigner
278,<0,12,A32,furniture/equipment,1262,unknown,A75,2,A91,A101,4,A122,49,A143,A152,1,A172,1,yes,foreigner
279,unknown,6,A32,furniture/equipment,4611,<100,A72,1,A92,A101,4,A122,32,A143,A152,1,A173,1,no,foreigner
280,unknown,24,A32,radio/TV,1901,100-499,A73,4,A93,A101,4,A123,29,A143,A151,1,A174,1,yes,foreigner
281,unknown,15,A34,old_car,3368,>=1000,A75,3,A93,A101,4,A124,23,A143,A151,2,A173,1,yes,?
282,unknown,12,A32,furniture/equipment,1574,<100,A73,4,A93,A101,2,A121,50,A143,A152,1,A173,1,no,foreigner
283,>=200,18,A31,radio/TV,1445,unknown,A74,4,A93,A101,4,A123,49,A141,A152,1,A172,1,no,foreigner
284,unknown,15,A34,furniture/equipment,1520,unknown,A75,4,A93,A101,4,A122,63,A143,A152,1,A173,1,?,foreigner
285,0-199,24,A34,new_car,3878,100-499,A72,4,A91,A101,2,A123,37,A143,A152,1,A173,1,yes,foreigner
286,<0,47,A32,new_car,10722,<100,A72,1,A92,A101,1,A121,,A143,A152,1,A172,1,yes,foreigner
287,<0,48,A32,old_car,4788,<100,A74,4,A93,A101,3,A122,26,A143,A152,1,A173,2,no,foreigner
288,0-199,48,A33,other,7582,100-499,A71,2,A93,A101,4,A124,31,A143,A153,1,A174,1,yes,foreigner
289,0-199,12,A32,radio/TV,1092,<100,A73,4,A92,A103,4,A121,49,A143,A152,2,A173,1,yes,foreigner
290,<0,24,A33,radio/TV,1024,<100,A72,4,A94,A101,4,A121,48,A142,A152,1,A173,1,no,foreigner
291,unknown,12,A32,business,1076,<100,A73,2,A94,A101,2,A121,26,A143,A152,1,A173,1,yes,resident
292,0-199,36,A32,old_car,9398,<100,A72,1,A94,A101,4,A123,28,A143,A151,1,A174,1,yes,foreigner
293,<0,24,A34,old_car,6419,<100,A75,2,A92,?,4,A124,44,A143,A153,2,A174,2,yes,foreigner
294,>=200,42,A34,old_car,4796,<100,A75,4,A93,A101,4,A124,56,A143,A153,1,A173,1,no,foreigner
295,unknown,48,A34,business,7629,unknown,A75,4,A91,A101,2,A123,46,A141,A152,2,A174,2,no,foreigner
296,0-199,48,A32,furniture/equipment,9960,<100,A72,1,A92,A101,2,A123,26,A143,A152,1,A173,1,yes,foreigner
297,unknown,12,A32,old_car,4675,unknown,A72,1,A92,A101,4,A123,20,A143,A151,1,A173,1,no,foreigner
298,unknown,10,A32,new_car,1287,unknown,A75,4,A93,A102,2,A122,45,A143,A152,1,A172,1,no,resident
299,unknown,18,A32,furniture/equipment,2515,<100,A73,3,A93,A101,,A121,43,A143,A152,1,A173,1,yes,foreigner
300,0-199,,A34,furniture/equipment,2745,>=1000,A74,3,A93,A101,2,A123,32,A143,A152,2,A173,1,yes,foreigner
301,unknown,6,A32,new_car,672,<100,A71,1,A92,A101,4,A121,54,A143,A152,1,A171,1,yes,foreigner
302,0-199,36,A30,radio/TV,3804,<100,A73,4,A92,A101,1,A123,42,A143,A152,1,A173,1,yes,foreigner
303,>=200,24,A34,new_car,1344,unknown,A74,4,A93,A101,2,A121,37,A141,A152,2,A172,2,no,foreigner
304,<0,10,A34,new_car,1038,<100,A74,4,A93,A102,3,A122,49,A143,A152,2,A173,1,yes,foreigner
305,unknown,48,A34,new_car,10127,500-999,A73,2,A93,A101,2,A124,44,A141,A153,1,A173,1,no,foreigner
306,unknown,6,A32,furniture/equipment,1543,>=1000,A73,4,A91,A101,2,A121,33,A143,A152,1,A173,1,no,foreigner
307,unknown,30,A32,old_car,4811,unknown,A74,2,A92,A101,4,A122,24,A142,A151,1,A172,1,no,foreigner
308,<0,12,A32,radio/TV,727,100-499,A72,4,A94,A101,3,A124,33,A143,A152,1,A172,1,yes,foreigner
309,0-199,8,A32,furniture/equipment,1237,<100,A73,3,A92,A101,4,A121,24,A143,A152,1,A173,1,no,foreigner
310,0-199,9,A32,new_car,276,<100,A73,4,A94,A101,4,A121,22,A143,A151,1,A172,1,no,foreigner
311,0-199,48,A32,other,5381,unknown,A71,3,A93,A101,4,A124,40,A141,A153,1,A171,1,yes,foreigner
312,unknown,24,A32,furniture/equipment,5511,100-499,A73,4,A93,A101,1,A123,25,A142,A152,1,A173,1,no,?
313,>=200,24,A32,furniture/equipment,3749,<100,A72,2,A92,A101,4,A123,26,A143,A152,1,A173,1,no,foreigner
314,0-199,12,A32,new_car,685,<100,A74,2,A94,A101,3,A123,25,A141,A152,1,A172,1,no,foreigner
315,>=200,4,A32,new_car,1494,unknown,A72,1,A93,A101,2,A121,29,A143,A152,1,A172,2,no,resident
316,<0,36,A31,furniture/equipment,2746,<100,A75,4,A93,A101,4,A123,31,A141,A152,1,A173,1,no,foreigner
317,<0,12,A32,furniture/equipment,708,<100,A73,2,A93,A103,3,A122,38,A143,A152,1,A172,2,no,foreigner
318,0-199,24,A32,furniture/equipment,4351,unknown,A73,1,A92,A101,4,A122,48,A143,A152,1,A172,1,yes,foreigner
319,unknown,12,A34,education,701,<100,A73,4,A93,A101,2,A123,32,A143,A152,2,A173,1,no,foreigner
320,<0,15,A33,furniture/equipment,3643,<100,A75,1,A92,A101,,A122,27,A143,A152,2,A172,1,no,foreigner
321,0-199,30,A34,new_car,4249,<100,A71,4,A94,A101,2,A123,28,A143,A152,2,A174,1,?,foreigner
322,<0,24,A32,radio/TV,1938,<100,A72,4,A91,A101,3,A122,32,A143,A152,1,A173,1,no,foreigner
323,<0,24,A32,old_car,2910,<100,A74,2,A93,A101,1,A124,34,A143,A153,1,A174,1,yes,foreigner
324,<0,18,A32,furniture/equipment,2659,>=1000,A73,4,A93,A101,2,A123,28,A143,A152,1,A173,1,no,foreigner
325,unknown,18,A34,new_car,1028,<100,A73,4,A92,A101,3,A121,36,A143,A152,2,A173,1,no,foreigner
326,<0,8,A34,new_car,3398,<100,A74,1,A93,A101,4,A121,39,A143,A152,2,A172,1,no,resident
327,unknown,12,A34,furniture/equipment,5801,unknown,A75,2,A93,A101,4,A122,49,A143,A151,1,A173,1,yes,foreigner
328,unknown,24,A32,new_car,1525,>=1000,A74,4,A92,A101,3,A123,34,A143,A152,1,A173,2,yes,foreigner
329,>=200,36,A32,radio/TV,4473,<100,A75,4,A93,A101,2,A123,31,A143,A152,1,A173,1,no,foreigner
330,0-199,6,A32,radio/TV,1068,<100,A75,4,A93,A101,4,A123,28,A143,A152,1,A173,2,no,foreigner
331,<0,24,A34,old_car,6615,<100,A71,2,A93,A101,4,A124,75,A143,A153,2,A174,1,yes,foreigner
332,unknown,18,A34,education,1864,100-499,A73,4,A92,A101,2,A121,30,A143,A152,2,A173,1,no,foreigner
333,0-199,60,A32,new_car,7408,100-499,A72,4,A92,A101,2,A122,24,A143,A152,1,A174,1,no,foreigner
334,unknown,48,A34,old_car,11590,100-499,A73,2,A92,?,4,A123,24,A141,A151,2,A172,1,no,foreigner
335,<0,24,A30,furniture/equipment,4110,<100,A75,3,A93,A101,4,A124,23,A141,A151,2,A173,2,no,foreigner
336,<0,6,A34,furniture/equipment,3384,<100,A73,1,A91,A101,4,A121,44,A143,A151,1,A174,1,yes,foreigner
337,0-199,13,A32,radio/TV,2101,<100,A72,2,A92,A103,4,A122,23,A143,A152,1,A172,1,no,foreigner
338,<0,15,A32,domestic_appliances,1275,unknown,A73,4,A92,A101,2,A123,24,A143,A151,1,A173,1,no,foreigner
339,<0,24,A32,furniture/equipment,4169,<100,A73,4,A93,A101,4,A122,28,A143,A152,1,A173,1,no,foreigner
340,0-199,10,A32,furniture/equipment,1521,<100,A73,4,A91,A101,2,A123,31,A143,A152,1,A172,1,no,foreigner
341,0-199,24,A34,education,5743,<100,A72,2,A92,A101,4,A124,24,A143,A153,2,A173,1,yes,foreigner
342,<0,,A32,furniture/equipment,3599,<100,A74,1,A92,A101,4,A123,26,A143,A151,1,A172,1,no,foreigner
343,0-199,18,A32,radio/TV,3213,500-999,A72,1,A94,A101,3,A121,25,A143,A151,1,A173,1,no,foreigner
344,0-199,18,A32,business,4439,<100,A75,1,A93,A102,1,A121,33,A141,A152,1,A174,1,yes,foreigner
345,>=200,10,A32,new_car,3949,<100,A72,1,A93,A103,1,A122,37,A143,A152,1,A172,2,no,foreigner
346,unknown,15,A34,radio/TV,1459,<100,A73,4,A92,A101,2,A123,43,A143,A152,1,A172,1,no,foreigner
347,0-199,13,A34,radio/TV,882,<100,A72,4,A93,A103,4,A121,23,A143,A152,2,A173,1,no,foreigner
348,0-199,24,A32,radio/TV,3758,500-999,A71,1,A92,A101,4,A124,23,A143,A151,1,A171,1,no,foreigner
349,?,6,A33,business,1743,100-499,A73,1,A93,A101,2,A121,34,A143,A152,2,A172,1,?,foreigner
350,0-199,9,A34,education,1136,>=1000,A75,4,A93,A101,3,A124,32,A143,A153,2,A173,2,no,foreigner
351,unknown,9,A32,domestic_appliances,1236,<100,A72,1,A92,A101,4,A121,23,A143,A151,1,A173,1,yes,foreigner
352,0-199,9,A32,furniture/equipment,959,<100,A73,1,A92,A101,2,A123,29,A143,A152,1,A173,1,no,resident
353,unknown,18,A34,old_car,3229,unknown,A71,2,A93,A101,4,A124,38,A143,A152,1,A174,1,yes,foreigner
354,<0,12,A30,radio/TV,6199,<100,A73,4,A93,A101,2,A122,28,A143,A151,2,A173,1,yes,foreigner
355,unknown,10,A32,education,727,500-999,A75,4,A93,A101,4,A124,46,A143,A153,1,A173,1,yes,?
356,0-199,24,A32,new_car,1246,<100,A72,4,A93,A101,2,A121,23,A142,A152,1,A172,1,no,foreigner
357,unknown,12,A34,radio/TV,2331,unknown,A75,1,A93,A102,4,A121,49,A143,A152,1,A173,1,yes,foreigner
358,unknown,36,A33,radio/TV,4463,<100,A73,4,A93,A101,2,A123,26,A143,A152,2,A174,1,yes,foreigner
359,unknown,12,A32,radio/TV,776,<100,A73,4,A94,A101,2,A121,28,A143,A152,1,A173,1,no,foreigner
360,<0,30,A32,furniture/equipment,2406,<100,A74,4,A92,A101,4,A121,23,A143,A151,1,A173,1,no,foreigner
361,0-199,18,A32,education,1239,unknown,A73,4,A93,A101,4,A124,61,A143,A153,1,A173,1,no,foreigner
362,>=200,12,A32,radio/TV,3399,unknown,A75,2,A93,A101,3,A123,37,A143,A152,1,A174,1,no,foreigner
363,>=200,12,A33,new_car,2247,<100,A73,2,A92,A101,2,A123,36,A142,A152,2,A173,1,yes,foreigner
364,unknown,6,A32,furniture/equipment,1766,<100,A73,1,A94,A101,2,A122,21,A143,A151,1,A173,1,no,foreigner
365,<0,18,A32,furniture/equipment,2473,<100,A71,4,A93,A101,1,A123,25,A143,A152,1,A171,1,no,foreigner
366,unknown,12,A32,business,1542,<100,A74,2,A93,A101,4,A123,36,A143,A152,1,A173,1,yes,foreigner
367,unknown,18,A34,old_car,3850,<100,A74,3,A93,A101,1,A123,27,A143,A152,2,A173,1,no,foreigner
368,<0,18,A32,furniture/equipment,3650,<100,A72,1,A92,A101,4,A123,22,A143,A151,1,A173,1,no,foreigner
369,<0,36,A32,furniture/equipment,3446,<100,A75,4,A93,A101,2,A123,42,A143,A152,1,A173,2,no,foreigner
370,0-199,18,A32,furniture/equipment,3001,<100,A74,2,A92,A101,4,A121,40,A143,A151,1,A173,1,no,foreigner
371,unknown,36,A32,new_car,3079,unknown,A73,4,A93,?,4,A121,36,A143,A152,1,A173,1,no,foreigner
372,unknown,18,A34,radio/TV,6070,<100,A75,3,A93,A101,4,A123,33,A143,A152,2,A173,1,yes,foreigner
373,unknown,10,A34,furniture/equipment,2146,<100,A72,1,A92,A101,3,A121,23,A143,A151,2,A173,1,no,foreigner
374,unknown,60,A34,new_car,13756,unknown,A75,2,A93,A101,4,A124,63,A141,A153,1,A174,1,yes,foreigner
375,0-199,60,A31,other,14782,100-499,A75,3,A92,A101,4,A124,60,A141,A153,2,A174,1,yes,foreigner
376,<0,48,A31,business,7685,<100,A74,2,A92,A103,4,A123,37,A143,A151,1,A173,1,no,foreigner
377,unknown,18,A33,radio/TV,2320,<100,A71,2,A94,A101,3,A121,34,A143,A152,2,A173,1,no,foreigner
378,unknown,7,A33,radio/TV,846,unknown,A75,3,A93,A101,4,A124,36,A143,A153,1,A173,1,no,foreigner
379,0-199,36,A32,new_car,14318,<100,A75,4,A93,A101,2,A124,57,A143,A153,1,A174,1,yes,foreigner
380,unknown,6,A34,new_car,362,100-499,A73,4,A92,A101,4,A123,52,A143,A152,2,A172,1,?,foreigner
381,<0,,A32,furniture/equipment,2212,unknown,A74,4,A93,A101,4,A123,39,A143,A152,1,A173,1,yes,foreigner
382,0-199,18,A32,old_car,12976,<100,A71,3,A92,A101,4,A124,38,A143,A153,1,A174,1,yes,foreigner
383,unknown,22,A32,new_car,1283,unknown,A74,4,A92,A101,4,A122,25,A143,A151,1,A173,1,no,foreigner
384,>=200,12,A32,new_car,1330,<100,A72,4,A93,A101,1,A121,26,A143,A152,1,A173,1,no,foreigner
385,unknown,30,A33,business,4272,100-499,A73,2,A93,A101,2,A122,26,A143,A152,2,A172,1,no,foreigner
386,unknown,18,A34,radio/TV,2238,<100,A73,2,A92,A101,1,A123,25,A143,A152,2,A173,1,no,foreigner
387,unknown,18,A32,radio/TV,1126,unknown,A72,4,A92,A101,2,A121,21,A143,A151,1,A173,1,yes,foreigner
388,0-199,18,A34,furniture/equipment,7374,<100,A71,4,A93,A101,4,A122,40,A142,A152,2,A174,1,yes,foreigner
389,0-199,15,A34,business,2326,500-999,A73,2,A93,A101,4,A123,27,A141,A152,1,A173,1,no,foreigner
390,unknown,9,A32,business,1449,<100,A74,3,A92,?,2,A123,27,A143,A152,2,A173,1,no,foreigner
391,unknown,18,A32,new_car,1820,<100,A73,2,A94,A101,2,A122,30,A143,A152,1,A174,1,yes,foreigner
392,0-199,12,A32,furniture/equipment,983,>=1000,A72,1,A92,A101,4,A121,19,A143,A151,1,A172,1,no,foreigner
393,<0,36,A32,new_car,3249,<100,A74,2,A93,A101,4,A124,39,A141,A153,1,A174,2,yes,foreigner
394,<0,6,A34,radio/TV,1957,<100,A74,1,A92,A101,4,A123,31,A143,A152,1,A173,1,no,foreigner
395,unknown,9,A34,furniture/equipment,2406,<100,A71,2,A93,A101,3,A123,31,A143,A152,1,A174,1,no,foreigner
396,0-199,39,A33,education,11760,100-499,A74,2,A93,A101,3,A124,32,A143,A151,1,A173,1,yes,foreigner
397,<0,12,A32,furniture/equipment,2578,<100,A71,3,A92,A101,4,A124,55,A143,A153,1,A174,1,no,foreigner
398,<0,36,A34,furniture/equipment,2348,<100,A73,3,A94,A101,2,A122,46,A143,A152,2,A173,1,yes,?
399,0-199,12,A32,new_car,1223,<100,A75,1,A91,A101,1,A121,46,A143,A151,2,A173,1,no,foreigner
400,unknown,24,A34,radio/TV,1516,>=1000,A73,4,A92,A101,1,A121,43,A143,A152,2,A172,1,no,foreigner
401,unknown,18,A32,radio/TV,1473,<100,A72,3,A94,A101,4,A121,39,A143,A152,1,A173,1,yes,foreigner
402,0-199,18,A34,business,1887,unknown,A73,4,A94,A101,4,A121,28,A141,A152,2,A173,1,?,foreigner
403,unknown,24,A33,business,8648,<100,A72,2,A93,A101,2,A123,27,A141,A152,2,A173,1,yes,foreigner
404,unknown,14,A33,new_car,802,<100,A73,4,A93,A101,2,A123,27,A143,A152,2,A172,1,no,foreigner
405,0-199,18,A33,new_car,2899,unknown,A75,4,A93,A101,4,A123,43,A143,A152,1,A173,2,no,foreigner
406,0-199,24,A32,radio/TV,2039,<100,A72,1,A94,A101,1,A122,22,A143,A152,1,A173,1,yes,foreigner
407,unknown,24,A34,old_car,2197,unknown,A74,4,A93,A101,4,A123,43,A143,A152,2,A173,2,yes,foreigner
408,<0,15,A32,radio/TV,1053,<100,A72,4,A94,A101,2,A121,27,A143,A152,1,A173,1,no,resident
409,unknown,24,A32,radio/TV,3235,500-999,A75,3,A91,A101,2,A123,26,A143,A152,1,A174,1,yes,foreigner
410,>=200,12,A34,new_car,939,500-999,A74,4,A94,A101,2,A121,28,A143,A152,3,A173,1,yes,foreigner
411,0-199,24,A32,radio/TV,1967,<100,A75,4,A92,A101,4,A123,20,A143,A152,1,A173,1,yes,foreigner
412,unknown,33,A34,old_car,7253,<100,A74,3,A93,A101,2,A123,,A143,A152,2,A174,1,yes,foreigner
413,unknown,12,A34,business,2292,<100,A71,4,A93,A101,2,A123,42,A142,A152,2,A174,1,yes,foreigner
414,unknown,10,A32,new_car,1597,500-999,A73,3,A93,?,2,A124,40,A143,A151,1,A172,2,no,resident
415,<0,24,A32,new_car,1381,unknown,A73,4,A92,A101,2,A122,,A143,A152,1,A173,1,no,foreigner
416,unknown,36,A34,old_car,5842,<100,A75,2,A93,A101,2,A122,,A143,A152,2,A173,2,yes,foreigner
417,<0,12,A32,new_car,2579,<100,A72,4,A93,A101,1,A121,33,A143,A152,1,A172,2,no,foreigner
418,<0,18,A33,education,8471,unknown,A73,1,A92,A101,2,A123,23,A143,A151,2,A173,1,yes,foreigner
419,unknown,,A32,new_car,2782,500-999,A74,1,A92,A101,2,A123,31,A141,A152,1,A174,1,no,foreigner
420,0-199,18,A32,new_car,1042,unknown,A73,4,A92,A101,2,A122,33,A143,A152,1,A173,1,no,foreigner
421,unknown,15,A32,new_car,3186,>=1000,A74,2,A92,A101,3,A123,20,A143,A151,1,A173,1,no,foreigner
422,0-199,12,A32,old_car,2028,unknown,A73,4,A93,A101,2,A123,30,A143,A152,1,A173,1,no,foreigner
423,0-199,12,A34,new_car,958,<100,A74,2,A93,A101,3,A121,47,A143,A152,2,A172,2,no,foreigner
424,unknown,,A33,furniture/equipment,1591,100-499,A74,4,A93,A101,3,A121,34,A143,A152,2,A174,1,no,foreigner
425,0-199,12,A32,furniture/equipment,2762,unknown,A75,1,A92,A101,2,A122,25,A141,A152,1,A173,1,yes,foreigner
426,0-199,18,A32,old_car,2779,<100,A73,1,A94,A101,3,A123,21,A143,A151,1,A173,1,yes,foreigner
427,unknown,28,A34,radio/TV,2743,<100,A75,4,A93,A101,2,A123,29,A143,A152,2,A173,1,no,foreigner
428,unknown,18,A34,radio/TV,1149,>=1000,A73,4,A93,A101,3,A121,46,A143,A152,2,A173,1,no,foreigner
429,unknown,9,A32,furniture/equipment,1313,<100,A75,1,A93,A101,,A123,20,A143,A152,1,A173,1,no,foreigner
430,<0,18,A34,repairing,1190,<100,A71,2,A92,A101,4,A124,55,A143,A153,3,A171,2,no,foreigner
431,?,5,A32,business,3448,<100,A74,1,A93,A101,4,A121,74,A143,A152,1,A172,1,no,foreigner
432,0-199,24,A32,other,11328,<100,A73,2,A93,A102,3,A123,29,A141,A152,2,A174,1,yes,foreigner
433,<0,6,A34,furniture/equipment,1872,<100,A71,4,A93,A101,4,A124,36,A143,A153,3,A174,1,yes,foreigner
434,unknown,24,A34,repairing,2058,<100,A73,4,A91,A101,2,A121,33,A143,A152,2,A173,1,yes,foreigner
435,<0,9,A32,furniture/equipment,2136,<100,A73,3,A93,A101,2,A121,25,A143,A152,1,A173,1,no,foreigner
436,0-199,12,A32,radio/TV,1484,unknown,A73,2,A94,A101,1,A121,25,A143,A152,1,A173,1,yes,foreigner
437,unknown,6,A32,repairing,660,500-999,A74,2,A94,A101,4,A121,23,A143,A151,1,A172,1,no,foreigner
438,unknown,24,A34,new_car,1287,>=1000,A75,4,A92,A101,4,A121,37,A143,A152,2,A173,1,yes,?
439,<0,42,A34,repairing,3394,<100,A71,4,A93,A102,4,A123,65,A143,A152,2,A171,1,?,foreigner
440,>=200,12,A31,business,609,<100,A72,4,A92,A101,1,A121,26,A143,A152,1,A171,1,no,foreigner
441,unknown,12,A32,new_car,1884,<100,A75,4,A93,A101,4,A123,39,A143,A152,1,A174,1,yes,foreigner
442,<0,12,A32,furniture/equipment,1620,<100,A73,2,A92,A102,3,A122,30,A143,A152,1,A173,1,no,foreigner
443,0-199,,A33,other,2629,<100,A73,2,A93,A101,3,A123,29,A141,A152,2,A173,1,yes,foreigner
444,unknown,12,A32,education,719,<100,A75,4,A93,A101,4,A123,41,A141,A152,1,A172,2,no,foreigner
445,0-199,48,A34,furniture/equipment,5096,<100,A73,2,A92,A101,3,A123,30,A143,A152,1,A174,1,yes,foreigner
446,unknown,9,A34,education,1244,unknown,A75,4,A92,A101,4,A122,41,A143,A151,2,A172,1,no,foreigner
447,<0,36,A32,new_car,1842,<100,A72,4,A92,A101,4,A123,34,A143,A152,1,A173,1,yes,foreigner
448,0-199,7,A32,radio/TV,2576,<100,A73,2,A93,A103,2,A121,,A143,A152,1,A173,1,no,foreigner
449,>=200,12,A32,furniture/equipment,1424,unknown,A75,3,A92,A101,4,A121,55,A143,A152,1,A174,1,yes,foreigner
450,0-199,15,A33,repairing,1512,>=1000,A73,3,A94,?,3,A122,61,A142,A152,2,A173,1,no,foreigner
451,unknown,36,A34,old_car,11054,unknown,A73,4,A93,A101,2,A123,30,A143,A152,1,A174,1,yes,foreigner
452,unknown,6,A32,radio/TV,518,<100,A73,3,A92,A101,1,A121,29,A143,A152,1,A173,1,no,foreigner
453,unknown,12,A30,furniture/equipment,2759,<100,A75,2,A93,A101,4,A122,34,A143,A152,2,A173,1,no,foreigner
454,unknown,24,A32,old_car,2670,<100,A75,4,A93,A101,4,A123,,A143,A152,1,A174,1,yes,foreigner
455,<0,24,A32,new_car,4817,<100,A74,2,A93,A102,3,A122,31,A143,A152,1,A173,1,yes,foreigner
456,unknown,24,A32,old_car,2679,<100,A72,4,A92,A101,1,A124,29,A143,A152,1,A174,1,yes,foreigner
457,<0,11,A34,new_car,3905,<100,A73,2,A93,A101,2,A121,36,A143,A151,2,A173,2,no,foreigner
458,<0,12,A32,old_car,3386,<100,A75,3,A93,A101,4,A124,,A143,A153,1,A173,1,yes,foreigner
459,<0,6,A32,domestic_appliances,343,<100,A72,4,A92,A101,1,A121,27,A143,A152,1,A173,1,no,foreigner
460,unknown,18,A32,radio/TV,4594,<100,A72,3,A93,A101,2,A123,32,A143,A152,1,A173,1,yes,foreigner
461,<0,36,A32,furniture/equipment,3620,<100,A73,1,A93,A103,2,A122,37,A143,A152,1,A173,2,no,?
462,<0,15,A32,new_car,1721,<100,A72,2,A93,A101,3,A121,36,A143,A152,1,A173,1,no,foreigner
463,0-199,12,A32,furniture/equipment,3017,<100,A72,3,A92,A101,1,A121,34,A143,A151,1,A174,1,no,foreigner
464,0-199,12,A32,upskilling,754,unknown,A75,4,A93,A101,4,A122,38,A143,A152,2,A173,1,no,foreigner
465,unknown,18,A32,business,1950,<100,A74,4,A93,A101,1,A123,34,A142,A152,2,A173,1,yes,foreigner
466,<0,24,A32,old_car,2924,<100,A73,3,A93,A103,4,A124,63,A141,A152,1,A173,2,yes,foreigner
467,<0,24,A33,radio/TV,1659,<100,A72,4,A92,A101,2,A123,29,A143,A151,1,A172,1,yes,foreigner
468,unknown,48,A33,radio/TV,7238,unknown,A75,3,A93,A101,3,A123,32,A141,A152,2,A173,2,no,foreigner
469,unknown,33,A33,business,2764,<100,A73,2,A92,A101,2,A123,26,A143,A152,2,A173,1,yes,foreigner
470,unknown,24,A33,old_car,4679,<100,A74,3,A93,A101,3,A123,,A143,A152,2,A172,1,yes,foreigner
471,0-199,24,A32,radio/TV,3092,100-499,A72,3,A94,A101,2,A123,22,A143,A151,1,A173,1,yes,foreigner
472,<0,6,A32,education,448,<100,A72,4,A92,A101,4,A122,23,A143,A152,1,A173,1,no,foreigner
473,<0,9,A32,new_car,654,<100,A73,4,A93,A101,3,A123,28,A143,A152,1,A172,1,no,foreigner
474,unknown,6,A32,upskilling,1238,unknown,A71,4,A93,A101,4,A122,36,A143,A152,1,A174,2,yes,foreigner
475,0-199,18,A34,radio/TV,1245,<100,A73,4,A94,A101,2,A123,33,A143,A152,1,A173,1,no,foreigner
476,<0,18,A30,furniture/equipment,3114,<100,A72,1,A92,A101,4,A122,26,A143,A151,1,A173,1,?,foreigner
477,unknown,39,A32,old_car,2569,500-999,A73,4,A93,A101,4,A123,24,A143,A152,1,A173,1,no,foreigner
478,>=200,24,A32,radio/TV,5152,<100,A74,4,A93,A101,2,A123,25,A141,A152,1,A173,1,no,foreigner
479,0-199,12,A32,business,1037,100-499,A74,3,A93,A101,4,A121,39,A143,A152,1,A172,1,no,foreigner
480,<0,15,A34,furniture/equipment,1478,<100,A75,4,A93,A101,4,A123,44,A143,A152,2,A173,2,yes,foreigner
481,0-199,12,A34,radio/TV,3573,<100,A73,1,A92,A101,1,A121,23,A143,A152,1,A172,1,no,foreigner
482,0-199,24,A32,new_car,1201,<100,A72,4,A93,A101,1,A122,26,A143,A152,1,A173,1,no,foreigner
483,<0,30,A32,furniture/equipment,3622,>=1000,A75,4,A92,A101,4,A122,57,A143,A151,2,A173,1,yes,foreigner
484,unknown,15,A33,furniture/equipment,960,>=1000,A74,3,A92,A101,2,A122,30,A143,A152,2,A173,1,no,foreigner
485,unknown,12,A34,new_car,1163,500-999,A73,4,A93,A101,4,A121,44,A143,A152,1,A173,1,yes,foreigner
486,0-199,6,A33,new_car,1209,<100,A71,4,A93,A101,4,A122,47,A143,A152,1,A174,1,yes,foreigner
487,unknown,12,A32,radio/TV,3077,<100,A73,2,A93,A101,4,A123,52,A143,A152,1,A173,1,yes,foreigner
488,unknown,24,A32,new_car,3757,<100,A75,4,A92,A102,4,A124,62,A143,A153,1,A173,1,yes,foreigner
489,unknown,10,A32,new_car,1418,100-499,A73,3,A93,A101,2,A121,,A143,A151,1,A172,1,no,resident
490,unknown,6,A32,new_car,3518,<100,A73,2,A93,A103,3,A122,26,A143,A151,1,A173,1,no,foreigner
491,unknown,12,A34,radio/TV,1934,<100,A75,2,A93,A101,2,A124,26,A143,A152,2,A173,1,no,foreigner
492,0-199,27,A30,business,8318,<100,A75,2,A92,A101,4,A124,42,A143,A153,2,A174,1,yes,foreigner
493,unknown,6,A34,radio/TV,1237,100-499,A73,1,A92,A101,1,A122,27,A143,A152,2,A173,1,no,foreigner
494,0-199,6,A32,radio/TV,368,unknown,A75,4,A93,A101,4,A122,38,A143,A152,1,A173,1,no,foreigner
495,<0,12,A34,new_car,2122,<100,A73,3,A93,A101,2,A121,39,A143,A151,2,A172,2,no,resident
496,<0,24,A32,furniture/equipment,2996,unknown,A73,2,A94,A101,,A123,20,A143,A152,1,A173,1,no,foreigner
497,0-199,36,A32,furniture/equipment,9034,100-499,A72,4,A93,A102,1,A124,29,A143,A151,1,A174,1,yes,foreigner
498,unknown,24,A34,furniture/equipment,1585,<100,A74,4,A93,A101,3,A122,40,A143,A152,2,A173,1,no,foreigner
499,0-199,18,A32,radio/TV,1301,<100,A75,4,A94,A103,2,A121,32,A143,A152,1,A172,1,no,foreigner
500,>=200,6,A34,new_car,1323,100-499,A75,2,A91,A101,4,A123,28,A143,A152,2,A173,2,yes,?
501,<0,24,A32,new_car,3123,<100,A72,4,A92,A101,1,A122,27,A143,A152,1,A173,1,no,foreigner
502,<0,36,A32,old_car,5493,<100,A75,2,A93,?,4,A124,42,A143,A153,1,A173,2,no,foreigner
503,>=200,9,A32,radio/TV,1126,100-499,A75,2,A91,A101,4,A121,49,A143,A152,1,A173,1,no,foreigner
504,0-199,24,A34,radio/TV,1216,100-499,A72,4,A93,A101,4,A124,38,A141,A152,2,A173,2,no,foreigner
505,<0,24,A32,new_car,1207,<100,A72,4,A92,A101,4,A122,24,A143,A151,1,A173,1,no,foreigner
506,unknown,10,A32,new_car,1309,unknown,A73,4,A93,A103,4,A122,27,A143,A152,1,A172,1,no,foreigner
507,>=200,15,A34,old_car,2360,500-999,A73,2,A93,A101,2,A123,36,A143,A152,1,A173,1,yes,foreigner
508,0-199,15,A31,new_car,6850,100-499,A71,1,A93,A101,2,A122,34,A143,A152,1,A174,2,yes,foreigner
509,unknown,24,A32,radio/TV,1413,<100,A73,4,A94,A101,2,A122,28,A143,A152,1,A173,1,no,foreigner
510,unknown,39,A32,old_car,8588,100-499,A75,4,A93,A101,2,A123,45,A143,A152,1,A174,1,yes,?
511,<0,12,A32,new_car,759,<100,A74,4,A93,A101,2,A121,26,A143,A152,1,A173,1,no,foreigner
512,unknown,36,A32,old_car,4686,<100,A73,2,A93,A101,2,A124,32,A143,A153,1,A174,1,yes,foreigner
513,>=200,15,A32,business,2687,<100,A74,2,A93,A101,4,A122,26,A143,A151,1,A173,1,yes,foreigner
514,0-199,12,A33,radio/TV,585,<100,A73,4,A94,A102,4,A121,20,A143,A151,2,A173,1,no,foreigner
515,unknown,24,A32,new_car,2255,unknown,A72,4,A93,A101,1,A122,54,A143,A152,1,A173,1,no,foreigner
516,<0,6,A34,new_car,609,<100,A74,4,A92,A101,3,A122,37,A143,A152,2,A173,1,no,resident
517,<0,6,A34,new_car,1361,<100,A72,2,A93,A101,4,A121,40,A143,A152,1,A172,2,no,resident
518,unknown,36,A34,furniture/equipment,7127,<100,A72,2,A92,A101,4,A122,23,A143,A151,2,A173,1,yes,foreigner
519,<0,6,A32,new_car,1203,100-499,A75,3,A93,A101,2,A122,43,A143,A152,1,A173,1,yes,foreigner
520,unknown,6,A34,radio/TV,700,unknown,A75,4,A93,A101,4,A124,36,A143,A153,2,A173,1,no,foreigner
521,?,24,A34,repairing,5507,<100,A75,3,A93,A101,4,A124,44,A143,A153,2,A173,1,no,foreigner
522,<0,18,A32,radio/TV,3190,<100,A73,2,A92,A101,2,A121,24,A143,A152,1,A173,1,no,foreigner
523,<0,48,A30,furniture/equipment,7119,<100,A73,3,A93,A101,4,A124,53,A143,A153,2,A173,2,?,foreigner
524,unknown,24,A32,old_car,3488,100-499,A74,3,A92,A101,4,A123,23,A143,A152,1,A173,1,no,foreigner
525,0-199,18,A32,radio/TV,1113,<100,A73,4,A92,A103,4,A121,26,A143,A152,1,A172,2,no,foreigner
526,0-199,26,A32,old_car,7966,<100,A72,2,A93,A101,3,A123,30,A143,A152,2,A173,1,no,foreigner
527,unknown,15,A34,education,1532,100-499,A73,4,A92,A101,3,A123,31,A143,A152,1,A173,1,no,foreigner
528,unknown,4,A34,radio/TV,1503,<100,A74,2,A93,A101,1,A121,42,A143,A152,2,A172,2,no,foreigner
529,<0,36,A32,radio/TV,2302,<100,A73,4,A91,A101,4,A123,31,A143,A151,1,A173,1,no,foreigner
530,<0,6,A32,new_car,662,<100,A72,3,A93,A101,4,A121,41,A143,A152,1,A172,2,yes,foreigner
531,0-199,36,A32,education,2273,<100,A74,3,A93,A101,1,A123,32,A143,A152,2,A173,2,no,foreigner
532,0-199,15,A32,new_car,2631,100-499,A73,2,A92,?,4,A123,28,A143,A151,2,A173,1,yes,foreigner
533,unknown,12,A33,old_car,1503,<100,A73,4,A94,A101,4,A121,41,A143,A151,1,A173,1,no,foreigner
534,unknown,24,A32,radio/TV,1311,100-499,A74,4,A94,A101,3,A122,26,A143,A152,1,A173,1,yes,foreigner
535,unknown,24,A32,radio/TV,3105,unknown,A72,4,A93,A101,2,A123,25,A143,A152,2,A173,1,no,foreigner
536,>=200,,A34,education,2319,<100,A72,2,A91,A101,1,A123,33,A143,A151,1,A173,1,no,foreigner
537,<0,6,A32,new_car,1374,unknown,A71,4,A92,A101,3,A122,75,A143,A152,1,A174,1,yes,foreigner
538,0-199,18,A34,furniture/equipment,3612,<100,A75,3,A92,A101,4,A122,37,A143,A152,1,A173,1,yes,foreigner
539,<0,48,A32,new_car,7763,<100,A75,4,A93,A101,4,A124,42,A141,A153,1,A174,1,no,foreigner
540,>=200,18,A32,furniture/equipment,3049,<100,A72,1,A92,A101,1,A122,45,A142,A152,1,A172,1,no,foreigner
541,0-199,12,A32,radio/TV,1534,<100,A72,1,A94,A101,1,A121,23,A143,A151,1,A173,1,no,foreigner
542,unknown,24,A33,new_car,2032,<100,A75,4,A93,A101,4,A124,60,A143,A153,2,A173,1,yes,foreigner
543,<0,30,A32,furniture/equipment,6350,unknown,A75,4,A93,A101,4,A122,31,A143,A152,1,A173,1,no,?
544,>=200,18,A32,furniture/equipment,2864,<100,A73,2,A93,A101,1,A121,34,A143,A152,1,A172,2,?,foreigner
545,unknown,12,A34,new_car,1255,<100,A75,4,A93,A101,,A121,61,A143,A152,2,A172,1,no,foreigner
546,<0,24,A33,new_car,1333,<100,A71,4,A93,A101,2,A121,43,A143,A153,2,A173,2,no,foreigner
547,unknown,24,A34,new_car,2022,<100,A73,4,A92,A101,4,A123,37,A143,A152,1,A173,1,yes,foreigner
548,unknown,24,A32,radio/TV,1552,<100,A74,3,A93,A101,1,A123,32,A141,A152,1,A173,2,no,foreigner
549,<0,12,A31,radio/TV,626,<100,A73,4,A92,A101,4,A121,24,A141,A152,1,A172,1,no,foreigner
550,unknown,48,A34,old_car,8858,unknown,A74,2,A93,A101,1,A124,,A143,A153,2,A173,1,yes,foreigner
551,unknown,12,A34,repairing,996,unknown,A74,4,A92,A101,4,A121,23,A143,A152,2,A173,1,no,foreigner
552,unknown,6,A31,radio/TV,1750,500-999,A75,2,A93,A101,4,A122,45,A141,A152,1,A172,2,no,foreigner
553,<0,48,A32,radio/TV,6999,<100,A74,1,A94,A103,1,A121,34,A143,A152,2,A173,1,yes,foreigner
554,0-199,12,A34,new_car,1995,100-499,A72,4,A93,A101,1,A123,27,A143,A152,1,A173,1,no,foreigner
555,0-199,9,A32,education,1199,<100,A74,4,A92,A101,4,A122,67,A143,A152,2,A174,1,yes,foreigner
556,0-199,12,A32,radio/TV,1331,<100,A72,2,A93,A101,1,A123,22,A142,A152,1,A173,1,no,foreigner
557,0-199,18,A30,new_car,2278,100-499,A72,3,A92,A101,3,A123,28,A143,A152,2,A173,1,no,foreigner
558,unknown,,A30,new_car,5003,unknown,A73,1,A92,A101,4,A122,29,A141,A152,2,A173,1,yes,foreigner
559,<0,24,A31,furniture/equipment,3552,<100,A74,3,A93,A101,4,A123,27,A141,A152,1,A173,1,no,foreigner
560,0-199,18,A34,furniture/equipment,1928,<100,A72,2,A93,A101,2,A121,31,A143,A152,2,A172,1,no,foreigner
561,<0,24,A32,old_car,2964,unknown,A75,4,A93,A101,4,A124,49,A141,A153,1,A173,2,yes,foreigner
562,<0,24,A31,radio/TV,1546,<100,A74,4,A93,A103,4,A123,24,A141,A151,1,A172,1,no,foreigner
563,>=200,6,A33,radio/TV,683,<100,A72,2,A92,A101,1,A122,29,A141,A152,1,A173,1,no,foreigner
564,0-199,36,A32,new_car,12389,unknown,A73,1,A93,A101,4,A124,37,A143,A153,1,A173,1,yes,foreigner
565,0-199,24,A33,business,4712,unknown,A73,4,A93,A101,2,A122,37,A141,A152,2,A174,1,yes,foreigner
566,0-199,24,A33,radio/TV,1553,100-499,A74,3,A92,A101,2,A122,23,A143,A151,2,A173,1,yes,foreigner
567,<0,12,A32,new_car,1372,<100,A74,2,A91,A101,3,A123,36,A143,A152,1,A173,1,no,foreigner
568,unknown,24,A34,radio/TV,2578,>=1000,A75,2,A93,A101,2,A123,34,A143,A152,1,A173,1,no,foreigner
569,0-199,48,A32,radio/TV,3979,unknown,A74,4,A93,?,1,A123,41,A143,A152,2,A173,2,yes,foreigner
570,<0,48,A32,radio/TV,6758,<100,A73,3,A92,A101,2,A123,31,A143,A152,1,A173,1,yes,foreigner
571,<0,24,A32,furniture/equipment,3234,<100,A72,4,A92,A101,4,A121,23,A143,A151,1,A172,1,yes,foreigner
572,unknown,30,A34,radio/TV,5954,<100,A74,3,A93,A102,2,A123,38,A143,A152,1,A173,1,no,foreigner
573,unknown,24,A32,old_car,5433,unknown,A71,2,A92,A101,4,A122,26,A143,A151,1,A174,1,yes,foreigner
574,<0,15,A32,business,806,<100,A73,4,A92,A101,4,A122,22,A143,A152,1,A172,1,no,foreigner
575,0-199,9,A32,radio/TV,1082,<100,A75,4,A93,A101,4,A123,27,A143,A152,2,A172,1,no,foreigner
576,unknown,15,A34,furniture/equipment,2788,<100,A74,2,A92,A102,3,A123,24,A141,A152,2,A173,1,no,foreigner
577,0-199,12,A32,radio/TV,2930,<100,A74,2,A92,A101,1,A121,27,A143,A152,1,A173,1,no,foreigner
578,unknown,24,A34,education,1927,unknown,A73,3,A92,A101,2,A123,33,A143,A152,2,A173,1,yes,foreigner
579,0-199,36,A34,new_car,2820,<100,A72,4,A91,A101,4,A123,27,A143,A152,2,A173,1,no,foreigner
580,?,24,A32,upskilling,937,<100,A72,4,A94,A101,3,A123,27,A143,A152,2,A172,1,no,foreigner
581,0-199,18,A34,new_car,1056,<100,A75,3,A93,A103,3,A121,30,A141,A152,2,A173,1,no,foreigner
582,0-199,12,A34,new_car,3124,<100,A72,1,A93,A101,3,A121,49,A141,A152,2,A172,2,no,foreigner
583,unknown,9,A32,furniture/equipment,1388,<100,A73,4,A92,A101,2,A121,26,A143,A151,1,A173,1,no,foreigner
584,0-199,36,A32,repairing,2384,<100,A72,4,A93,A101,1,A124,33,A143,A151,1,A172,1,no,foreigner
585,unknown,12,A32,new_car,2133,unknown,A75,4,A92,A101,4,A124,52,A143,A153,1,A174,1,yes,foreigner
586,<0,18,A32,furniture/equipment,2039,<100,A73,1,A92,A101,4,A121,20,A141,A151,1,A173,1,no,foreigner
587,<0,9,A34,new_car,2799,<100,A73,2,A93,A101,2,A121,36,A143,A151,2,A173,2,no,foreigner
588,<0,12,A32,furniture/equipment,1289,<100,A73,4,A93,A103,1,A122,21,A143,A152,1,A172,1,?,foreigner
589,<0,18,A32,domestic_appliances,1217,<100,A73,4,A94,A101,3,A121,47,A143,A152,1,A172,1,yes,foreigner
590,<0,12,A34,furniture/equipment,2246,<100,A75,3,A93,A101,3,A122,60,A143,A152,2,A173,1,no,foreigner
591,<0,12,A34,radio/TV,385,<100,A74,4,A92,A101,3,A121,58,A143,A152,4,A172,1,yes,foreigner
592,0-199,24,A33,new_car,1965,unknown,A73,4,A92,A101,4,A123,42,A143,A151,2,A173,1,yes,foreigner
593,unknown,,A32,business,1572,>=1000,A75,4,A92,A101,4,A121,36,A141,A152,1,A172,1,no,foreigner
594,0-199,24,A32,new_car,2718,<100,A73,3,A92,A101,4,A122,20,A143,A151,1,A172,1,yes,foreigner
595,<0,24,A31,other,1358,unknown,A75,4,A93,A101,3,A123,40,A142,A152,1,A174,1,yes,foreigner
596,0-199,6,A31,new_car,931,100-499,A72,1,A92,A101,1,A122,32,A142,A152,1,A172,1,no,foreigner
597,<0,24,A32,new_car,1442,<100,A74,4,A92,A101,4,A123,23,A143,A151,2,A173,1,no,foreigner
598,0-199,24,A30,business,4241,<100,A73,1,A93,A101,4,A121,36,A143,A152,3,A172,1,yes,foreigner
599,unknown,18,A34,new_car,2775,<100,A74,2,A93,A101,2,A122,31,A141,A152,2,A173,1,no,foreigner
600,unknown,24,A33,business,3863,<100,A73,1,A93,A101,2,A124,32,A143,A153,1,A173,1,no,foreigner
601,0-199,7,A32,radio/TV,2329,<100,A72,1,A92,A103,1,A121,45,A143,A152,1,A173,1,no,foreigner
602,0-199,9,A32,furniture/equipment,918,<100,A73,4,A92,A101,1,A122,30,A143,A152,1,A173,1,no,foreigner
603,0-199,24,A31,education,1837,<100,A74,4,A92,A101,4,A124,34,A141,A153,1,A172,1,no,foreigner
604,unknown,36,A32,furniture/equipment,3349,<100,A73,4,A92,A101,2,A123,28,A143,A152,1,A174,1,yes,?
605,>=200,10,A32,furniture/equipment,1275,<100,A72,4,A92,A101,2,A122,23,A143,A152,1,A173,1,no,foreigner
606,<0,24,A31,furniture/equipment,2828,500-999,A73,4,A93,A101,4,A121,22,A142,A152,1,A173,1,yes,foreigner
607,unknown,24,A34,business,4526,<100,A73,3,A93,A101,2,A121,74,A143,A152,1,A174,1,yes,foreigner
608,0-199,36,A32,radio/TV,2671,100-499,A73,4,A92,A102,4,A124,50,A143,A153,1,A173,1,no,foreigner
609,unknown,18,A32,radio/TV,2051,<100,A72,4,A93,?,1,A121,33,A143,A152,1,A173,1,no,foreigner
610,unknown,15,A32,old_car,1300,unknown,A75,4,A93,A101,4,A124,45,A141,A153,1,A173,2,no,foreigner
611,<0,12,A32,domestic_appliances,741,100-499,A71,4,A92,A101,3,A122,22,A143,A152,1,A173,1,no,foreigner
612,>=200,10,A32,new_car,1240,100-499,A75,1,A92,A101,4,A124,48,A143,A153,1,A172,2,no,foreigner
613,<0,,A32,radio/TV,3357,>=1000,A72,4,A92,A101,2,A123,29,A141,A152,1,A173,1,no,?
614,<0,24,A31,old_car,3632,<100,A73,1,A92,A103,4,A123,22,A141,A151,1,A173,1,no,resident
615,unknown,18,A33,furniture/equipment,1808,<100,A74,4,A92,A101,1,A121,22,A143,A152,1,A173,1,no,foreigner
616,0-199,48,A30,business,12204,unknown,A73,2,A93,A101,2,A123,48,A141,A152,1,A174,1,yes,foreigner
617,0-199,60,A33,radio/TV,9157,unknown,A73,2,A93,A101,2,A124,27,A143,A153,1,A174,1,?,foreigner
618,<0,6,A34,new_car,3676,<100,A73,1,A93,A101,3,A121,37,A143,A151,3,A173,2,no,foreigner
619,0-199,30,A32,furniture/equipment,3441,100-499,A73,2,A92,A102,4,A123,21,A143,A151,1,A173,1,no,foreigner
620,unknown,12,A32,new_car,640,<100,A73,4,A91,A101,2,A121,49,A143,A152,1,A172,1,no,foreigner
621,0-199,,A34,business,3652,<100,A74,2,A93,A101,3,A122,27,A143,A152,2,A173,1,no,foreigner
622,unknown,18,A34,new_car,1530,<100,A73,3,A93,A101,2,A122,32,A141,A152,2,A173,1,no,foreigner
623,unknown,48,A32,business,3914,unknown,A73,4,A91,A101,2,A121,38,A141,A152,1,A173,1,no,foreigner
624,<0,12,A32,furniture/equipment,1858,<100,A72,4,A92,A101,1,A123,22,A143,A151,1,A173,1,no,foreigner
625,<0,18,A32,radio/TV,2600,<100,A73,4,A93,A101,4,A124,65,A143,A153,2,A173,1,no,foreigner
626,unknown,15,A32,radio/TV,1979,unknown,A75,4,A93,A101,2,A123,,A143,A152,1,A173,1,no,foreigner
627,>=200,6,A32,furniture/equipment,2116,<100,A73,2,A93,A101,2,A121,41,A143,A152,1,A173,1,yes,foreigner
628,0-199,9,A31,new_car,1437,100-499,A74,2,A93,A101,3,A124,29,A143,A152,1,A173,1,no,foreigner
629,unknown,42,A34,furniture/equipment,4042,500-999,A73,4,A93,A101,4,A121,36,A143,A152,2,A173,1,yes,foreigner
630,unknown,9,A32,education,3832,unknown,A75,1,A93,A101,4,A121,64,A143,A152,1,A172,1,no,foreigner
631,<0,24,A32,radio/TV,3660,<100,A73,2,A92,A101,4,A123,28,A143,A152,1,A173,1,no,foreigner
632,<0,18,A31,furniture/equipment,1553,<100,A73,4,A93,A101,3,A123,44,A141,A152,1,A173,1,no,foreigner
633,0-199,15,A32,radio/TV,1444,unknown,A72,4,A93,A101,1,A122,23,A143,A152,1,A173,1,no,foreigner
634,unknown,9,A32,furniture/equipment,1980,<100,A72,2,A92,A102,2,A123,19,A143,A151,2,A173,1,no,foreigner
635,0-199,24,A32,new_car,1355,<100,A72,3,A92,A101,4,A123,25,A143,A152,1,A172,1,yes,foreigner
636,unknown,12,A32,education,1393,<100,A75,4,A93,A101,4,A122,47,A141,A152,3,A173,2,yes,foreigner
637,unknown,24,A32,radio/TV,1376,500-999,A74,4,A92,A101,1,A123,28,A143,A152,1,A173,1,no,foreigner
638,unknown,60,A33,radio/TV,15653,<100,A74,2,A93,A101,4,A123,21,A143,A152,2,A173,1,yes,foreigner
639,unknown,12,A32,radio/TV,1493,<100,A72,4,A92,A101,3,A123,34,A143,A152,1,A173,2,no,foreigner
640,<0,42,A33,radio/TV,4370,<100,A74,3,A93,A101,2,A122,26,A141,A152,2,A173,2,yes,foreigner
641,<0,18,A32,education,750,<100,A71,4,A92,A101,1,A121,27,A143,A152,1,A171,1,no,foreigner
642,0-199,15,A32,repairing,1308,<100,A75,4,A93,A101,4,A123,38,A143,A152,2,A172,1,no,foreigner
643,unknown,15,A32,education,4623,100-499,A73,3,A93,A101,2,A122,40,A143,A152,1,A174,1,yes,foreigner
644,unknown,24,A34,radio/TV,1851,<100,A74,4,A94,A103,2,A123,33,A143,A152,2,A173,1,yes,foreigner
645,<0,18,A34,radio/TV,1880,<100,A74,4,A94,A101,1,A122,32,A143,A152,2,A174,1,yes,foreigner
646,unknown,36,A33,business,7980,unknown,A72,4,A93,A101,4,A123,27,A143,A151,2,A173,1,yes,foreigner
647,<0,30,A30,furniture/equipment,4583,<100,A73,2,A91,A103,2,A121,32,A143,A152,2,A173,1,no,foreigner
648,unknown,12,A32,new_car,1386,500-999,A73,2,A92,A101,2,A122,26,A143,A152,1,A173,1,no,foreigner
649,>=200,24,A32,new_car,947,<100,A74,4,A93,A101,3,A124,38,A141,A153,1,A173,2,no,?
650,<0,12,A32,education,684,<100,A73,4,A93,A101,4,A123,40,A143,A151,1,A172,2,no,foreigner
651,<0,48,A32,education,7476,<100,A74,4,A93,A101,1,A124,50,A143,A153,1,A174,1,yes,foreigner
652,0-199,12,A32,furniture/equipment,1922,<100,A73,4,A93,A101,2,A122,37,A143,A152,1,A172,1,no,foreigner
653,<0,24,A32,new_car,2303,<100,A75,4,A93,A102,1,A121,45,A143,A152,1,A173,1,no,foreigner
654,0-199,36,A33,new_car,8086,100-499,A75,2,A93,A101,4,A123,42,A143,A152,4,A174,1,yes,foreigner
655,unknown,24,A34,old_car,2346,<100,A74,4,A93,A101,3,A123,,A143,A152,2,A173,1,yes,foreigner
656,<0,14,A32,new_car,3973,<100,A71,1,A93,A101,4,A124,22,A143,A153,1,A173,1,no,foreigner
657,0-199,12,A32,new_car,888,<100,A75,4,A93,A101,4,A123,41,A141,A152,1,A172,2,no,foreigner
658,unknown,48,A32,radio/TV,10222,unknown,A74,4,A93,A101,3,A123,37,A142,A152,1,A173,1,yes,foreigner
659,0-199,30,A30,business,4221,<100,A73,2,A92,A101,1,A123,28,A143,A152,2,A173,1,no,foreigner
660,0-199,18,A34,furniture/equipment,6361,<100,A75,2,A93,A101,1,A124,41,A143,A152,1,A173,1,yes,foreigner
661,>=200,12,A32,radio/TV,1297,<100,A73,3,A94,A101,4,A121,23,A143,A151,1,A173,1,no,foreigner
662,<0,12,A32,new_car,900,unknown,A73,4,A94,A101,2,A123,23,A143,A152,1,A173,1,no,foreigner
663,unknown,,A32,furniture/equipment,2241,<100,A75,4,A93,A101,2,A121,50,A143,A152,2,A173,1,?,foreigner
664,0-199,6,A33,furniture/equipment,1050,<100,A71,4,A93,A101,1,A122,,A142,A152,2,A174,1,yes,foreigner
665,>=200,6,A34,education,1047,<100,A73,2,A92,A101,4,A122,50,A143,A152,1,A172,1,no,foreigner
666,unknown,24,A34,other,6314,<100,A71,4,A93,A102,2,A124,27,A141,A152,2,A174,1,yes,foreigner
667,0-199,30,A31,furniture/equipment,3496,>=1000,A73,4,A93,A101,2,A123,34,A142,A152,1,A173,2,yes,foreigner
668,unknown,48,A31,business,3609,<100,A73,1,A92,A101,1,A121,27,A142,A152,1,A173,1,no,foreigner
669,<0,12,A34,new_car,4843,<100,A75,3,A93,A102,4,A122,43,A143,A151,2,A173,1,yes,foreigner
670,>=200,30,A34,radio/TV,3017,<100,A75,4,A93,A101,4,A122,47,A143,A152,1,A173,1,no,foreigner
671,unknown,24,A34,business,4139,100-499,A73,3,A93,A101,3,A122,27,A143,A152,2,A172,1,yes,foreigner
672,unknown,36,A32,business,5742,100-499,A74,2,A93,A101,2,A123,31,A143,A152,2,A173,1,yes,foreigner
673,unknown,60,A32,new_car,10366,<100,A75,2,A93,A101,4,A122,42,A143,A152,1,A174,1,yes,foreigner
674,unknown,6,A34,new_car,2080,500-999,A73,1,A94,A101,2,A123,24,A143,A152,1,A173,1,no,foreigner
675,unknown,,A33,business,2580,500-999,A72,4,A93,A101,2,A121,41,A141,A152,1,A172,2,no,foreigner
676,unknown,30,A34,radio/TV,4530,<100,A74,4,A92,A101,4,A123,26,A143,A151,1,A174,1,yes,foreigner
677,unknown,24,A34,furniture/equipment,5150,<100,A75,4,A93,A101,,A123,33,A143,A152,1,A173,1,yes,foreigner
678,0-199,72,A32,radio/TV,5595,100-499,A73,2,A94,A101,2,A123,24,A143,A152,1,A173,1,no,foreigner
679,<0,24,A32,radio/TV,2384,<100,A75,4,A93,A101,4,A121,64,A141,A151,1,A172,1,no,foreigner
680,unknown,18,A32,radio/TV,1453,<100,A72,3,A92,A101,1,A121,26,A143,A152,1,A173,1,no,?
681,unknown,6,A32,education,1538,<100,A72,1,A92,A101,2,A124,56,A143,A152,1,A173,1,no,foreigner
682,unknown,12,A32,radio/TV,2279,unknown,A73,4,A93,A101,4,A124,37,A143,A153,1,A173,1,yes,foreigner
683,unknown,15,A33,radio/TV,1478,<100,A73,4,A94,A101,3,A121,33,A141,A152,2,A173,1,no,foreigner
684,unknown,24,A34,radio/TV,5103,<100,A72,3,A94,A101,3,A124,47,A143,A153,3,A173,1,yes,foreigner
685,0-199,36,A33,business,9857,100-499,A74,1,A93,A101,3,A122,31,A143,A152,2,A172,2,yes,foreigner
686,unknown,60,A32,new_car,6527,unknown,A73,4,A93,A101,4,A124,34,A143,A153,1,A173,2,yes,foreigner
687,>=200,10,A34,radio/TV,1347,unknown,A74,4,A93,A101,2,A122,27,A143,A152,2,A173,1,yes,foreigner
688,0-199,36,A33,new_car,2862,100-499,A75,4,A93,A101,3,A124,30,A143,A153,1,A173,1,no,foreigner
689,unknown,9,A32,radio/TV,2753,100-499,A75,3,A93,A102,4,A123,,A143,A152,1,A173,1,yes,foreigner
690,<0,12,A32,new_car,3651,>=1000,A73,1,A93,A101,3,A122,31,A143,A152,1,A173,2,no,foreigner
691,<0,15,A34,furniture/equipment,975,<100,A73,2,A91,A101,3,A122,25,A143,A152,2,A173,1,no,foreigner
692,0-199,15,A32,repairing,2631,100-499,A73,3,A92,?,2,A121,25,A143,A152,1,A172,1,no,foreigner
693,0-199,24,A32,radio/TV,2896,100-499,A72,2,A93,A101,1,A123,29,A143,A152,1,A173,1,no,foreigner
694,<0,6,A34,new_car,4716,unknown,A72,1,A93,A101,3,A121,44,A143,A152,2,A172,2,no,foreigner
695,unknown,24,A32,radio/TV,2284,<100,A74,4,A93,A101,2,A123,28,A143,A152,1,A173,1,yes,foreigner
696,unknown,6,A32,old_car,1236,500-999,A73,2,A93,A101,4,A122,50,A143,A151,1,A173,1,no,foreigner
697,0-199,12,A32,radio/TV,1103,<100,A74,4,A93,A103,3,A121,29,A143,A152,2,A173,1,no,resident
698,unknown,12,A34,new_car,926,<100,A71,1,A92,A101,2,A122,38,A143,A152,1,A171,1,no,foreigner
699,unknown,18,A34,radio/TV,1800,<100,A73,4,A93,A101,2,A123,24,A143,A152,2,A173,1,no,foreigner
700,>=200,15,A32,education,1905,<100,A75,4,A93,A101,4,A123,40,A143,A151,1,A174,1,yes,foreigner
701,unknown,12,A32,furniture/equipment,1123,500-999,A73,4,A92,A101,4,A123,29,A143,A151,1,A172,1,no,foreigner
702,<0,48,A34,old_car,6331,<100,A75,4,A93,A101,4,A124,46,A143,A153,2,A173,1,yes,foreigner
703,>=200,24,A32,radio/TV,1377,100-499,A75,4,A92,A101,2,A124,47,A143,A153,1,A173,1,yes,foreigner
704,0-199,30,A33,business,2503,100-499,A75,4,A93,A101,2,A122,41,A142,A152,2,A173,1,no,foreigner
705,0-199,27,A32,business,2528,<100,A72,4,A92,A101,1,A122,32,A143,A152,1,A173,2,yes,foreigner
706,unknown,15,A32,new_car,5324,500-999,A75,1,A92,A101,4,A124,,A143,A153,1,A173,1,no,foreigner
707,0-199,48,A32,new_car,6560,100-499,A74,3,A93,A101,2,A122,24,A143,A152,1,A173,1,no,foreigner
708,0-199,12,A30,furniture/equipment,2969,<100,A72,4,A92,A101,3,A122,25,A143,A151,2,A173,1,no,foreigner
709,0-199,9,A32,radio/TV,1206,<100,A75,4,A92,A101,4,A121,25,A143,A152,1,A173,1,no,?
710,0-199,9,A32,radio/TV,2118,<100,A73,2,A93,A101,2,A121,37,A143,A152,1,A172,2,no,foreigner
711,unknown,18,A34,radio/TV,629,500-999,A75,4,A93,A101,3,A122,32,A141,A152,2,A174,1,yes,foreigner
712,<0,6,A31,education,1198,<100,A75,4,A92,A101,,A124,,A143,A153,1,A173,1,no,foreigner
713,unknown,,A32,old_car,2476,unknown,A75,4,A93,A101,4,A121,46,A143,A152,1,A174,1,yes,foreigner
714,<0,9,A34,radio/TV,1138,<100,A73,4,A93,A101,4,A121,25,A143,A152,2,A172,1,no,foreigner
715,0-199,60,A32,new_car,14027,<100,A74,4,A93,A101,2,A124,27,A143,A152,1,A174,1,yes,foreigner
716,?,30,A34,old_car,7596,unknown,A75,1,A93,A101,4,A123,63,A143,A152,2,A173,1,no,foreigner
717,unknown,30,A34,radio/TV,3077,unknown,A75,3,A93,A101,2,A123,40,A143,A152,2,A173,2,yes,foreigner
718,unknown,18,A32,radio/TV,1505,<100,A73,4,A93,A101,2,A124,32,A143,A153,1,A174,1,yes,foreigner
719,>=200,24,A34,radio/TV,3148,unknown,A73,3,A93,A101,2,A123,31,A143,A152,2,A173,1,yes,foreigner
720,0-199,,A30,old_car,6148,100-499,A75,3,A94,A101,4,A123,31,A141,A152,2,A173,1,yes,foreigner
721,>=200,9,A30,radio/TV,1337,<100,A72,4,A93,A101,2,A123,34,A143,A152,2,A174,1,yes,foreigner
722,0-199,6,A31,education,433,>=1000,A72,4,A92,A101,2,A122,24,A141,A151,1,A173,2,no,foreigner
723,<0,12,A32,new_car,1228,<100,A73,4,A92,A101,2,A121,24,A143,A152,1,A172,1,no,foreigner
724,0-199,9,A32,radio/TV,790,500-999,A73,4,A92,A101,3,A121,66,A143,A152,1,A172,1,no,foreigner
725,unknown,27,A32,new_car,2570,<100,A73,3,A92,A101,3,A121,21,A143,A151,1,A173,1,no,?
726,unknown,6,A34,new_car,250,>=1000,A73,2,A92,A101,2,A121,41,A141,A152,2,A172,1,no,foreigner
727,unknown,15,A34,radio/TV,1316,500-999,A73,2,A94,A101,2,A122,47,A143,A152,2,A172,1,no,foreigner
728,<0,18,A32,radio/TV,1882,<100,A73,4,A92,A101,4,A123,25,A141,A151,2,A173,1,no,foreigner
729,0-199,48,A31,business,6416,<100,A75,4,A92,A101,3,A124,59,A143,A151,1,A173,1,?,foreigner
730,>=200,24,A34,business,1275,>=1000,A73,2,A91,A101,4,A121,36,A143,A152,2,A173,1,yes,foreigner
731,0-199,24,A33,radio/TV,6403,<100,A72,1,A93,A101,2,A123,33,A143,A152,1,A173,1,no,foreigner
732,<0,24,A32,radio/TV,1987,<100,A73,2,A93,A101,4,A121,21,A143,A151,1,A172,2,no,foreigner
733,0-199,8,A32,radio/TV,760,<100,A74,4,A92,A103,2,A121,44,A143,A152,1,A172,1,no,foreigner
734,unknown,24,A32,old_car,2603,>=1000,A73,2,A92,A101,4,A123,28,A143,A151,1,A173,1,yes,foreigner
735,unknown,4,A34,new_car,3380,<100,A74,1,A92,A101,1,A121,37,A143,A152,1,A173,2,no,foreigner
736,0-199,36,A31,domestic_appliances,3990,unknown,A72,3,A92,A101,2,A124,29,A141,A152,1,A171,1,no,foreigner
737,0-199,24,A32,old_car,11560,<100,A73,1,A92,A101,4,A123,23,A143,A151,2,A174,1,no,foreigner
738,<0,18,A32,new_car,4380,100-499,A73,3,A93,A101,4,A123,,A143,A152,1,A172,2,yes,foreigner
739,unknown,6,A34,new_car,6761,<100,A74,1,A93,A101,3,A124,45,A143,A152,2,A174,2,yes,foreigner
740,0-199,30,A30,business,4280,100-499,A73,4,A92,A101,4,A123,26,A143,A151,2,A172,1,no,foreigner
741,<0,24,A31,new_car,2325,100-499,A74,2,A93,A101,3,A123,32,A141,A152,1,A173,1,no,foreigner
742,0-199,10,A31,radio/TV,1048,<100,A73,4,A93,A101,4,A121,23,A142,A152,1,A172,1,no,foreigner
743,unknown,,A32,radio/TV,3160,unknown,A75,4,A93,A101,3,A122,41,A143,A152,1,A173,1,yes,foreigner
744,<0,24,A31,furniture/equipment,2483,500-999,A73,4,A93,A101,4,A121,22,A142,A152,1,A173,1,yes,foreigner
745,<0,39,A34,furniture/equipment,14179,unknown,A74,4,A93,A101,4,A122,30,A143,A152,2,A174,1,yes,foreigner
746,<0,13,A34,business,1797,<100,A72,3,A93,A101,1,A122,28,A141,A152,2,A172,1,no,?
747,<0,15,A32,new_car,2511,<100,A71,1,A92,A101,4,A123,23,A143,A151,1,A173,1,no,foreigner
748,<0,12,A32,new_car,1274,<100,A72,3,A92,A101,1,A121,37,A143,A152,1,A172,1,no,foreigner
749,unknown,,A32,old_car,5248,unknown,A73,1,A93,A101,3,A123,26,A143,A152,1,A173,1,no,foreigner
750,unknown,15,A32,old_car,3029,<100,A74,2,A93,A101,2,A123,33,A143,A152,1,A173,1,no,foreigner
751,<0,6,A32,furniture/equipment,428,<100,A75,2,A92,A101,1,A122,49,A141,A152,1,A173,1,yes,foreigner
752,<0,18,A32,new_car,976,<100,A72,1,A92,A101,2,A123,23,A143,A152,1,A172,1,no,foreigner
753,0-199,12,A32,business,841,100-499,A74,2,A92,A101,4,A121,23,A143,A151,1,A172,1,no,foreigner
754,unknown,30,A34,radio/TV,5771,<100,A74,4,A92,?,2,A123,25,A143,A152,2,A173,1,no,foreigner
755,unknown,12,A33,repairing,1555,>=1000,A75,4,A93,A101,4,A124,55,A143,A153,2,A173,2,no,foreigner
756,<0,24,A32,new_car,1285,unknown,A74,4,A92,A101,4,A124,32,A143,A151,1,A173,1,no,foreigner
757,>=200,6,A34,new_car,1299,<100,A73,1,A93,A101,1,A121,74,A143,A152,3,A171,2,no,resident
758,>=200,15,A34,radio/TV,1271,unknown,A73,3,A93,A101,4,A124,39,A143,A153,2,A173,1,yes,foreigner
759,unknown,24,A32,new_car,1393,<100,A73,2,A93,A103,2,A121,31,A143,A152,1,A173,1,yes,foreigner
760,<0,12,A34,new_car,691,<100,A75,4,A93,A101,3,A122,,A143,A152,2,A173,1,no,foreigner
761,unknown,15,A34,new_car,5045,unknown,A75,1,A92,A101,4,A123,59,A143,A152,1,A173,1,yes,foreigner
762,<0,18,A34,furniture/equipment,2124,<100,A73,4,A92,A101,4,A121,24,A143,A151,2,A173,1,no,foreigner
763,<0,12,A32,radio/TV,2214,<100,A73,4,A93,A101,3,A122,24,A143,A152,1,A172,1,no,foreigner
764,unknown,,A34,new_car,12680,unknown,A75,4,A93,A101,4,A124,30,A143,A153,1,A174,1,yes,foreigner
765,unknown,24,A34,new_car,2463,100-499,A74,4,A94,A101,3,A122,27,A143,A152,2,A173,1,yes,foreigner
766,0-199,12,A32,radio/TV,1155,<100,A75,3,A94,A103,3,A121,40,A141,A152,2,A172,1,no,foreigner
767,<0,30,A32,furniture/equipment,3108,<100,A72,2,A91,A101,4,A122,31,A143,A152,1,A172,1,no,foreigner
768,unknown,10,A32,old_car,2901,unknown,A72,1,A92,A101,,A121,31,A143,A151,1,A173,1,no,foreigner
769,0-199,12,A34,furniture/equipment,3617,<100,A75,1,A93,A101,4,A123,28,A143,A151,3,A173,1,yes,foreigner
770,unknown,12,A34,radio/TV,1655,<100,A75,2,A93,A101,4,A121,63,A143,A152,2,A172,1,yes,foreigner
771,<0,24,A32,old_car,2812,unknown,A75,2,A92,A101,4,A121,26,A143,A151,1,A173,1,no,foreigner
772,<0,36,A34,education,8065,<100,A73,3,A92,A101,2,A124,25,A143,A152,2,A174,1,yes,?
773,unknown,,A34,old_car,3275,<100,A75,1,A93,A101,4,A123,36,A143,A152,1,A174,1,yes,foreigner
774,?,24,A34,radio/TV,2223,100-499,A75,4,A93,A101,4,A122,52,A141,A152,2,A173,1,no,foreigner
775,>=200,12,A34,new_car,1480,500-999,A71,2,A93,A101,4,A124,66,A141,A153,3,A171,1,no,foreigner
776,<0,24,A32,new_car,1371,unknown,A73,4,A92,A101,4,A121,25,A143,A151,1,A173,1,no,foreigner
777,unknown,36,A34,new_car,3535,<100,A74,4,A93,A101,4,A123,37,A143,A152,2,A173,1,yes,foreigner
778,<0,18,A32,radio/TV,3509,<100,A74,4,A92,A103,1,A121,25,A143,A152,1,A173,1,?,foreigner
779,unknown,36,A34,old_car,5711,>=1000,A75,4,A93,A101,2,A123,38,A143,A152,2,A174,1,yes,foreigner
780,0-199,18,A32,repairing,3872,<100,A71,2,A92,A101,4,A123,67,A143,A152,1,A173,1,yes,foreigner
781,0-199,39,A34,radio/TV,4933,<100,A74,2,A93,A103,2,A121,25,A143,A152,2,A173,1,no,foreigner
782,unknown,24,A34,new_car,1940,>=1000,A75,4,A93,?,4,A121,60,A143,A152,1,A173,1,yes,?
783,0-199,12,A30,upskilling,1410,<100,A73,2,A93,A101,2,A121,31,A143,A152,1,A172,1,yes,foreigner
784,0-199,12,A32,new_car,836,100-499,A72,4,A92,A101,2,A122,23,A141,A152,1,A172,1,no,foreigner
785,0-199,,A32,old_car,6468,unknown,A71,1,A91,A101,4,A121,60,A143,A152,1,A174,1,yes,foreigner
786,0-199,18,A32,business,1941,>=1000,A73,4,A93,A101,2,A122,,A143,A152,1,A172,1,yes,foreigner
787,unknown,22,A32,radio/TV,2675,500-999,A75,3,A93,A101,4,A123,40,A143,A152,1,A173,1,no,foreigner
788,unknown,48,A34,old_car,2751,unknown,A75,4,A93,A101,3,A123,38,A143,A152,2,A173,2,yes,foreigner
789,0-199,48,A33,education,6224,<100,A75,4,A93,A101,4,A124,50,A143,A153,1,A173,1,no,foreigner
790,<0,40,A34,education,5998,<100,A73,4,A93,A101,3,A124,27,A141,A152,1,A173,1,yes,foreigner
791,0-199,,A32,business,1188,<100,A75,2,A92,A101,,A122,39,A143,A152,1,A173,2,no,foreigner
792,unknown,24,A32,old_car,6313,unknown,A75,3,A93,A101,4,A123,41,A143,A152,1,A174,2,yes,foreigner
793,unknown,6,A34,furniture/equipment,1221,unknown,A73,1,A94,A101,2,A122,27,A143,A152,2,A173,1,no,foreigner
794,>=200,24,A32,furniture/equipment,2892,<100,A75,3,A91,A101,4,A124,51,A143,A153,1,A173,1,no,?
795,unknown,24,A32,furniture/equipment,3062,500-999,A75,4,A93,A101,3,A124,32,A143,A151,1,A173,1,yes,foreigner
796,?,9,A32,furniture/equipment,2301,100-499,A72,2,A92,A101,4,A122,22,A143,A151,1,A173,1,no,foreigner
797,<0,18,A32,old_car,7511,unknown,A75,1,A93,?,4,A122,51,A143,A153,1,A173,2,yes,foreigner
798,unknown,12,A34,furniture/equipment,1258,<100,A72,2,A92,A101,4,A122,22,A143,A151,2,A172,1,no,foreigner
799,unknown,24,A33,new_car,717,unknown,A75,4,A94,A101,4,A123,54,A143,A152,2,A173,1,yes,foreigner
800,0-199,9,A32,new_car,1549,unknown,A72,4,A93,A101,2,A121,,A143,A152,1,A171,1,no,foreigner
